debug3PMRHZ:debug32DL2L,0,1763102630805,"{""phase"": ""INSTRUCTIONS"", ""templates"": [""instructions/instruct-1.html"", ""instructions/instruct-2.html"", ""instructions/instruct-3.html"", ""instructions/instruct-ready.html""], ""action"": ""Begin""}"
debug3PMRHZ:debug32DL2L,1,1763102634700,"{""phase"": ""INSTRUCTIONS"", ""template"": ""instructions/instruct-1.html"", ""indexOf"": 0, ""action"": ""NextPage"", ""viewTime"": 3889}"
debug3PMRHZ:debug32DL2L,2,1763102637599,"{""phase"": ""INSTRUCTIONS"", ""template"": ""instructions/instruct-2.html"", ""indexOf"": 1, ""action"": ""NextPage"", ""viewTime"": 2895}"
debug3PMRHZ:debug32DL2L,3,1763102638409,"{""phase"": ""INSTRUCTIONS"", ""template"": ""instructions/instruct-3.html"", ""indexOf"": 2, ""action"": ""NextPage"", ""viewTime"": 808}"
debug3PMRHZ:debug32DL2L,4,1763102640076,"{""phase"": ""INSTRUCTIONS"", ""template"": ""instructions/instruct-ready.html"", ""indexOf"": 3, ""action"": ""FinishInstructions"", ""viewTime"": 1666}"
debug6XLZ8P:debugBRB5OC,0,1763103338106,"{""phase"": ""INSTRUCTIONS"", ""templates"": [""instructions/instruct-1.html"", ""instructions/instruct-2.html"", ""instructions/instruct-3.html"", ""instructions/instruct-ready.html""], ""action"": ""Begin""}"
debug6XLZ8P:debugBRB5OC,1,1763103342939,"{""phase"": ""INSTRUCTIONS"", ""template"": ""instructions/instruct-1.html"", ""indexOf"": 0, ""action"": ""NextPage"", ""viewTime"": 4830}"
debug6XLZ8P:debugBRB5OC,2,1763103353237,"{""phase"": ""INSTRUCTIONS"", ""template"": ""instructions/instruct-2.html"", ""indexOf"": 1, ""action"": ""NextPage"", ""viewTime"": 10296}"
debug6XLZ8P:debugBRB5OC,3,1763103355170,"{""phase"": ""INSTRUCTIONS"", ""template"": ""instructions/instruct-3.html"", ""indexOf"": 2, ""action"": ""NextPage"", ""viewTime"": 1932}"
debug6XLZ8P:debugBRB5OC,4,1763103356851,"{""phase"": ""INSTRUCTIONS"", ""template"": ""instructions/instruct-ready.html"", ""indexOf"": 3, ""action"": ""FinishInstructions"", ""viewTime"": 1680}"
debugCB1GUR:debug433LQO,0,1763103586572,"{""phase"": ""INSTRUCTIONS"", ""templates"": [""instructions/instruct-1.html"", ""instructions/instruct-2.html"", ""instructions/instruct-3.html"", ""instructions/instruct-ready.html""], ""action"": ""Begin""}"
debugCB1GUR:debug433LQO,1,1763103589781,"{""phase"": ""INSTRUCTIONS"", ""template"": ""instructions/instruct-1.html"", ""indexOf"": 0, ""action"": ""NextPage"", ""viewTime"": 3207}"
debugCB1GUR:debug433LQO,2,1763103601127,"{""phase"": ""INSTRUCTIONS"", ""template"": ""instructions/instruct-2.html"", ""indexOf"": 1, ""action"": ""NextPage"", ""viewTime"": 11344}"
debugCB1GUR:debug433LQO,3,1763103611014,"{""phase"": ""INSTRUCTIONS"", ""template"": ""instructions/instruct-3.html"", ""indexOf"": 2, ""action"": ""NextPage"", ""viewTime"": 9886}"
debugCB1GUR:debug433LQO,4,1763103613675,"{""phase"": ""INSTRUCTIONS"", ""template"": ""instructions/instruct-ready.html"", ""indexOf"": 3, ""action"": ""FinishInstructions"", ""viewTime"": 2660}"
debugXWKO9V:debugBOQURM,0,1763354301983,"{""action"": ""Begin"", ""phase"": ""INSTRUCTIONS"", ""templates"": [""instructions/instruct-1.html"", ""instructions/instruct-2.html"", ""instructions/instruct-3.html"", ""instructions/instruct-ready.html""]}"
debugXWKO9V:debugBOQURM,1,1763354305039,"{""action"": ""NextPage"", ""indexOf"": 0, ""phase"": ""INSTRUCTIONS"", ""template"": ""instructions/instruct-1.html"", ""viewTime"": 3046}"
debugXWKO9V:debugBOQURM,2,1763354310442,"{""action"": ""NextPage"", ""indexOf"": 1, ""phase"": ""INSTRUCTIONS"", ""template"": ""instructions/instruct-2.html"", ""viewTime"": 5399}"
debugXWKO9V:debugBOQURM,3,1763354313484,"{""action"": ""NextPage"", ""indexOf"": 2, ""phase"": ""INSTRUCTIONS"", ""template"": ""instructions/instruct-3.html"", ""viewTime"": 3036}"
debugXWKO9V:debugBOQURM,4,1763354316975,"{""action"": ""FinishInstructions"", ""indexOf"": 3, ""phase"": ""INSTRUCTIONS"", ""template"": ""instructions/instruct-ready.html"", ""viewTime"": 3488}"
debugXWKO9V:debugBOQURM,5,1763356178757,"{""phase"": ""INSTRUCTIONS"", ""templates"": [""instructions/instruct-1.html"", ""instructions/instruct-2.html"", ""instructions/instruct-3.html"", ""instructions/instruct-ready.html""], ""action"": ""Begin""}"
debugXWKO9V:debugBOQURM,6,1763356183871,"{""phase"": ""INSTRUCTIONS"", ""template"": ""instructions/instruct-1.html"", ""indexOf"": 0, ""action"": ""NextPage"", ""viewTime"": 5107}"
debugXWKO9V:debugBOQURM,7,1763356190378,"{""phase"": ""INSTRUCTIONS"", ""template"": ""instructions/instruct-2.html"", ""indexOf"": 1, ""action"": ""NextPage"", ""viewTime"": 6501}"
debugXWKO9V:debugBOQURM,8,1763356195093,"{""phase"": ""INSTRUCTIONS"", ""template"": ""instructions/instruct-3.html"", ""indexOf"": 2, ""action"": ""NextPage"", ""viewTime"": 4710}"
debugXWKO9V:debugBOQURM,9,1763356199126,"{""phase"": ""INSTRUCTIONS"", ""template"": ""instructions/instruct-ready.html"", ""indexOf"": 3, ""action"": ""FinishInstructions"", ""viewTime"": 4029}"
debugFZAHDV:debugWGQ7T8,0,1763357653500,"{""phase"": ""INSTRUCTIONS"", ""templates"": [""instructions/instruct-1.html"", ""instructions/instruct-2.html"", ""instructions/instruct-3.html"", ""instructions/instruct-ready.html""], ""action"": ""Begin""}"
debugFZAHDV:debugWGQ7T8,1,1763357655572,"{""phase"": ""INSTRUCTIONS"", ""template"": ""instructions/instruct-1.html"", ""indexOf"": 0, ""action"": ""NextPage"", ""viewTime"": 2065}"
debugFZAHDV:debugWGQ7T8,2,1763357658200,"{""phase"": ""INSTRUCTIONS"", ""template"": ""instructions/instruct-2.html"", ""indexOf"": 1, ""action"": ""NextPage"", ""viewTime"": 2625}"
debugFZAHDV:debugWGQ7T8,3,1763357659909,"{""phase"": ""INSTRUCTIONS"", ""template"": ""instructions/instruct-3.html"", ""indexOf"": 2, ""action"": ""NextPage"", ""viewTime"": 1705}"
debugFZAHDV:debugWGQ7T8,4,1763357661368,"{""phase"": ""INSTRUCTIONS"", ""template"": ""instructions/instruct-ready.html"", ""indexOf"": 3, ""action"": ""FinishInstructions"", ""viewTime"": 1456}"
debugFZAHDV:debugWGQ7T8,5,1763357661399,"{""phase"": ""ASSIGNMENT"", ""condition"": ""adaptive""}"
debugFZAHDV:debugWGQ7T8,6,1763357666937,"{""phase"": ""TEST"", ""trial_index"": 0, ""question_id"": ""q4"", ""question_text"": ""What is 81 \u00f7 9?"", ""correct_answer"": ""9"", ""response"": ""9"", ""correct"": true, ""difficulty"": ""difficult"", ""rt"": 5538, ""condition"": ""adaptive""}"
debugFZAHDV:debugWGQ7T8,7,1763357666938,"{""phase"": ""FEEDBACK"", ""feedback_type"": ""adaptive_positive"", ""question_id"": ""q4"", ""condition"": ""adaptive""}"
debugFZAHDV:debugWGQ7T8,8,1763357671584,"{""phase"": ""TEST"", ""trial_index"": 1, ""question_id"": ""q2"", ""question_text"": ""What is 7 - 2?"", ""correct_answer"": ""5"", ""response"": ""5"", ""correct"": true, ""difficulty"": ""easy"", ""rt"": 3737, ""condition"": ""adaptive""}"
debugFZAHDV:debugWGQ7T8,9,1763357671585,"{""phase"": ""FEEDBACK"", ""feedback_type"": ""adaptive_positive"", ""question_id"": ""q2"", ""condition"": ""adaptive""}"
debugFZAHDV:debugWGQ7T8,10,1763357675733,"{""phase"": ""TEST"", ""trial_index"": 2, ""question_id"": ""q3"", ""question_text"": ""What is 12 \u00d7 8?"", ""correct_answer"": ""96"", ""response"": ""8"", ""correct"": false, ""difficulty"": ""difficult"", ""rt"": 3243, ""condition"": ""adaptive""}"
debugFZAHDV:debugWGQ7T8,11,1763357675733,"{""phase"": ""FEEDBACK"", ""feedback_type"": ""adaptive_suggest_retry"", ""question_id"": ""q3"", ""condition"": ""adaptive""}"
debugFZAHDV:debugWGQ7T8,12,1763357678351,"{""phase"": ""INTERACTION"", ""event"": ""retry_clicked"", ""question_id"": ""q3"", ""condition"": ""adaptive""}"
debugFZAHDV:debugWGQ7T8,13,1763357683673,"{""phase"": ""TEST"", ""trial_index"": 3, ""question_id"": ""q1"", ""question_text"": ""What is 5 + 3?"", ""correct_answer"": ""8"", ""response"": ""7"", ""correct"": false, ""difficulty"": ""easy"", ""rt"": 5316, ""condition"": ""adaptive""}"
debugFZAHDV:debugWGQ7T8,14,1763357683676,"{""phase"": ""FEEDBACK"", ""feedback_type"": ""adaptive_suggest_retry"", ""question_id"": ""q1"", ""condition"": ""adaptive""}"
debugFZAHDV:debugWGQ7T8,15,1763357685911,"{""phase"": ""INTERACTION"", ""event"": ""retry_clicked"", ""question_id"": ""q1"", ""condition"": ""adaptive""}"
debugFZAHDV:debugWGQ7T8,16,1763357685911,"{""phase"": ""TEST"", ""status"": ""finished"", ""condition"": ""adaptive""}"
debugFZAHDV:debugWGQ7T8,17,1763357685913,"{""phase"": ""postquestionnaire"", ""status"": ""begin"", ""condition"": ""adaptive""}"
debugFZAHDV:debugWGQ7T8,18,1763357690247,"{""phase"": ""postquestionnaire"", ""status"": ""submit""}"
debugFZAHDV:debugWGQ7T8,19,1763357690247,"{""phase"": ""postquestionnaire"", ""survey"": ""{\""engagement_q1\"":\""1\"",\""engagement_q2\"":\""\"",\""usability_q1\"":\""\"",\""usability_q2\"":\""\"",\""adaptiveness_q1\"":\""\"",\""adaptiveness_q2\"":\""\"",\""satisfaction_overall\"":\""1\""}"", ""condition"": ""adaptive""}"
debugY45PKN:debugSP25UF,0,1763358355179,"{""phase"": ""INSTRUCTIONS"", ""templates"": [""instructions/instruct-1.html"", ""instructions/instruct-2.html"", ""instructions/instruct-3.html"", ""instructions/instruct-ready.html""], ""action"": ""Begin""}"
debugY45PKN:debugSP25UF,1,1763358357492,"{""phase"": ""INSTRUCTIONS"", ""template"": ""instructions/instruct-1.html"", ""indexOf"": 0, ""action"": ""NextPage"", ""viewTime"": 2305}"
debugY45PKN:debugSP25UF,2,1763358360352,"{""phase"": ""INSTRUCTIONS"", ""template"": ""instructions/instruct-2.html"", ""indexOf"": 1, ""action"": ""NextPage"", ""viewTime"": 2856}"
debugY45PKN:debugSP25UF,3,1763358362238,"{""phase"": ""INSTRUCTIONS"", ""template"": ""instructions/instruct-3.html"", ""indexOf"": 2, ""action"": ""NextPage"", ""viewTime"": 1881}"
debugY45PKN:debugSP25UF,4,1763358363702,"{""phase"": ""INSTRUCTIONS"", ""template"": ""instructions/instruct-ready.html"", ""indexOf"": 3, ""action"": ""FinishInstructions"", ""viewTime"": 1460}"
debugRASWGV:debugIX4A54,0,1763358536016,"{""action"": ""Begin"", ""phase"": ""INSTRUCTIONS"", ""templates"": [""instructions/instruct-1.html"", ""instructions/instruct-2.html"", ""instructions/instruct-3.html"", ""instructions/instruct-ready.html""]}"
debugRASWGV:debugIX4A54,1,1763358537518,"{""action"": ""NextPage"", ""indexOf"": 0, ""phase"": ""INSTRUCTIONS"", ""template"": ""instructions/instruct-1.html"", ""viewTime"": 1498}"
debugRASWGV:debugIX4A54,2,1763358540257,"{""action"": ""NextPage"", ""indexOf"": 1, ""phase"": ""INSTRUCTIONS"", ""template"": ""instructions/instruct-2.html"", ""viewTime"": 2736}"
debugRASWGV:debugIX4A54,3,1763358542452,"{""action"": ""NextPage"", ""indexOf"": 2, ""phase"": ""INSTRUCTIONS"", ""template"": ""instructions/instruct-3.html"", ""viewTime"": 2190}"
debugRASWGV:debugIX4A54,4,1763358543929,"{""action"": ""FinishInstructions"", ""indexOf"": 3, ""phase"": ""INSTRUCTIONS"", ""template"": ""instructions/instruct-ready.html"", ""viewTime"": 1473}"
debugRASWGV:debugIX4A54,5,1763358590027,"{""phase"": ""INSTRUCTIONS"", ""templates"": [""instructions/instruct-1.html"", ""instructions/instruct-2.html"", ""instructions/instruct-3.html"", ""instructions/instruct-ready.html""], ""action"": ""Begin""}"
debugRASWGV:debugIX4A54,6,1763358592129,"{""phase"": ""INSTRUCTIONS"", ""template"": ""instructions/instruct-1.html"", ""indexOf"": 0, ""action"": ""NextPage"", ""viewTime"": 2098}"
debugRASWGV:debugIX4A54,7,1763358594296,"{""phase"": ""INSTRUCTIONS"", ""template"": ""instructions/instruct-2.html"", ""indexOf"": 1, ""action"": ""NextPage"", ""viewTime"": 2164}"
debugRASWGV:debugIX4A54,8,1763358595920,"{""phase"": ""INSTRUCTIONS"", ""template"": ""instructions/instruct-3.html"", ""indexOf"": 2, ""action"": ""NextPage"", ""viewTime"": 1620}"
debugRASWGV:debugIX4A54,9,1763358598016,"{""phase"": ""INSTRUCTIONS"", ""template"": ""instructions/instruct-ready.html"", ""indexOf"": 3, ""action"": ""FinishInstructions"", ""viewTime"": 2094}"
debugDP0VO0:debugRUDDXD,0,1763358909393,"{""action"": ""Begin"", ""phase"": ""INSTRUCTIONS"", ""templates"": [""instructions/instruct-1.html"", ""instructions/instruct-2.html"", ""instructions/instruct-3.html"", ""instructions/instruct-ready.html""]}"
debugDP0VO0:debugRUDDXD,1,1763358911037,"{""action"": ""NextPage"", ""indexOf"": 0, ""phase"": ""INSTRUCTIONS"", ""template"": ""instructions/instruct-1.html"", ""viewTime"": 1632}"
debugDP0VO0:debugRUDDXD,2,1763358913270,"{""action"": ""NextPage"", ""indexOf"": 1, ""phase"": ""INSTRUCTIONS"", ""template"": ""instructions/instruct-2.html"", ""viewTime"": 2230}"
debugDP0VO0:debugRUDDXD,3,1763358915655,"{""action"": ""NextPage"", ""indexOf"": 2, ""phase"": ""INSTRUCTIONS"", ""template"": ""instructions/instruct-3.html"", ""viewTime"": 2381}"
debugDP0VO0:debugRUDDXD,4,1763358917192,"{""action"": ""FinishInstructions"", ""indexOf"": 3, ""phase"": ""INSTRUCTIONS"", ""template"": ""instructions/instruct-ready.html"", ""viewTime"": 1532}"
debugDP0VO0:debugRUDDXD,5,1763358951643,"{""phase"": ""INSTRUCTIONS"", ""templates"": [""instructions/instruct-1.html"", ""instructions/instruct-2.html"", ""instructions/instruct-3.html"", ""instructions/instruct-ready.html""], ""action"": ""Begin""}"
debugDP0VO0:debugRUDDXD,6,1763358953346,"{""phase"": ""INSTRUCTIONS"", ""template"": ""instructions/instruct-1.html"", ""indexOf"": 0, ""action"": ""NextPage"", ""viewTime"": 1696}"
debugDP0VO0:debugRUDDXD,7,1763358955600,"{""phase"": ""INSTRUCTIONS"", ""template"": ""instructions/instruct-2.html"", ""indexOf"": 1, ""action"": ""NextPage"", ""viewTime"": 2250}"
debugDP0VO0:debugRUDDXD,8,1763358958697,"{""phase"": ""INSTRUCTIONS"", ""template"": ""instructions/instruct-3.html"", ""indexOf"": 2, ""action"": ""NextPage"", ""viewTime"": 3093}"
debugDP0VO0:debugRUDDXD,9,1763358960125,"{""phase"": ""INSTRUCTIONS"", ""template"": ""instructions/instruct-ready.html"", ""indexOf"": 3, ""action"": ""FinishInstructions"", ""viewTime"": 1425}"
debugYLXJ0D:debugN31WWO,0,1763359021366,"{""phase"": ""INSTRUCTIONS"", ""templates"": [""instructions/instruct-1.html"", ""instructions/instruct-2.html"", ""instructions/instruct-3.html"", ""instructions/instruct-ready.html""], ""action"": ""Begin""}"
debugYLXJ0D:debugN31WWO,1,1763359022831,"{""phase"": ""INSTRUCTIONS"", ""template"": ""instructions/instruct-1.html"", ""indexOf"": 0, ""action"": ""NextPage"", ""viewTime"": 1457}"
debugYLXJ0D:debugN31WWO,2,1763359025317,"{""phase"": ""INSTRUCTIONS"", ""template"": ""instructions/instruct-2.html"", ""indexOf"": 1, ""action"": ""NextPage"", ""viewTime"": 2483}"
debugYLXJ0D:debugN31WWO,3,1763359027406,"{""phase"": ""INSTRUCTIONS"", ""template"": ""instructions/instruct-3.html"", ""indexOf"": 2, ""action"": ""NextPage"", ""viewTime"": 2084}"
debugYLXJ0D:debugN31WWO,4,1763359028996,"{""phase"": ""INSTRUCTIONS"", ""template"": ""instructions/instruct-ready.html"", ""indexOf"": 3, ""action"": ""FinishInstructions"", ""viewTime"": 1586}"
debugM6046J:debug0ZW18F,0,1763507543620,"{""action"": ""Begin"", ""phase"": ""INSTRUCTIONS"", ""templates"": [""instructions/instruct-1.html"", ""instructions/instruct-2.html"", ""instructions/instruct-3.html"", ""instructions/instruct-ready.html""]}"
debugM6046J:debug0ZW18F,1,1763507544717,"{""action"": ""NextPage"", ""indexOf"": 0, ""phase"": ""INSTRUCTIONS"", ""template"": ""instructions/instruct-1.html"", ""viewTime"": 1095}"
debugM6046J:debug0ZW18F,2,1763507545677,"{""action"": ""PrevPage"", ""indexOf"": 1, ""phase"": ""INSTRUCTIONS"", ""template"": ""instructions/instruct-2.html"", ""viewTime"": 959}"
debugM6046J:debug0ZW18F,3,1763507546472,"{""action"": ""NextPage"", ""indexOf"": 0, ""phase"": ""INSTRUCTIONS"", ""template"": ""instructions/instruct-1.html"", ""viewTime"": 794}"
debugM6046J:debug0ZW18F,4,1763507547318,"{""action"": ""PrevPage"", ""indexOf"": 1, ""phase"": ""INSTRUCTIONS"", ""template"": ""instructions/instruct-2.html"", ""viewTime"": 846}"
debugM6046J:debug0ZW18F,5,1763507548389,"{""action"": ""NextPage"", ""indexOf"": 0, ""phase"": ""INSTRUCTIONS"", ""template"": ""instructions/instruct-1.html"", ""viewTime"": 1070}"
debugM6046J:debug0ZW18F,6,1763507550972,"{""action"": ""NextPage"", ""indexOf"": 1, ""phase"": ""INSTRUCTIONS"", ""template"": ""instructions/instruct-2.html"", ""viewTime"": 2582}"
debugM6046J:debug0ZW18F,7,1763507552218,"{""action"": ""NextPage"", ""indexOf"": 2, ""phase"": ""INSTRUCTIONS"", ""template"": ""instructions/instruct-3.html"", ""viewTime"": 1245}"
debugM6046J:debug0ZW18F,8,1763507553908,"{""action"": ""FinishInstructions"", ""indexOf"": 3, ""phase"": ""INSTRUCTIONS"", ""template"": ""instructions/instruct-ready.html"", ""viewTime"": 1689}"
debugM6046J:debug0ZW18F,9,1763507586573,"{""action"": ""Begin"", ""phase"": ""INSTRUCTIONS"", ""templates"": [""instructions/instruct-1.html"", ""instructions/instruct-2.html"", ""instructions/instruct-3.html"", ""instructions/instruct-ready.html""]}"
debugM6046J:debug0ZW18F,10,1763507587436,"{""action"": ""NextPage"", ""indexOf"": 0, ""phase"": ""INSTRUCTIONS"", ""template"": ""instructions/instruct-1.html"", ""viewTime"": 861}"
debugM6046J:debug0ZW18F,11,1763507588540,"{""action"": ""NextPage"", ""indexOf"": 1, ""phase"": ""INSTRUCTIONS"", ""template"": ""instructions/instruct-2.html"", ""viewTime"": 1103}"
debugM6046J:debug0ZW18F,12,1763507589434,"{""action"": ""NextPage"", ""indexOf"": 2, ""phase"": ""INSTRUCTIONS"", ""template"": ""instructions/instruct-3.html"", ""viewTime"": 893}"
debugM6046J:debug0ZW18F,13,1763507590174,"{""action"": ""FinishInstructions"", ""indexOf"": 3, ""phase"": ""INSTRUCTIONS"", ""template"": ""instructions/instruct-ready.html"", ""viewTime"": 739}"
debugM6046J:debug0ZW18F,14,1763507987153,"{""phase"": ""INSTRUCTIONS"", ""templates"": [""instructions/instruct-1.html"", ""instructions/instruct-2.html"", ""instructions/instruct-3.html"", ""instructions/instruct-ready.html""], ""action"": ""Begin""}"
debugM6046J:debug0ZW18F,15,1763507988993,"{""phase"": ""INSTRUCTIONS"", ""template"": ""instructions/instruct-1.html"", ""indexOf"": 0, ""action"": ""NextPage"", ""viewTime"": 1838}"
debugM6046J:debug0ZW18F,16,1763507991302,"{""phase"": ""INSTRUCTIONS"", ""template"": ""instructions/instruct-2.html"", ""indexOf"": 1, ""action"": ""NextPage"", ""viewTime"": 2308}"
debugM6046J:debug0ZW18F,17,1763507992989,"{""phase"": ""INSTRUCTIONS"", ""template"": ""instructions/instruct-3.html"", ""indexOf"": 2, ""action"": ""NextPage"", ""viewTime"": 1686}"
debugM6046J:debug0ZW18F,18,1763507994478,"{""phase"": ""INSTRUCTIONS"", ""template"": ""instructions/instruct-ready.html"", ""indexOf"": 3, ""action"": ""FinishInstructions"", ""viewTime"": 1488}"
debugM6046J:debug0ZW18F,19,1763507994489,"{""phase"": ""ASSIGNMENT"", ""condition"": ""static""}"
debugM6046J:debug0ZW18F,20,1763507997652,"{""phase"": ""TEST"", ""trial_index"": 0, ""question_id"": ""q2"", ""question_text"": ""What is the derivative of sin(x)?"", ""correct_answer"": ""cos(x)"", ""response"": ""4"", ""correct"": false, ""difficulty"": ""easy"", ""rt"": 3163, ""condition"": ""static""}"
debugM6046J:debug0ZW18F,21,1763507997652,"{""phase"": ""FEEDBACK"", ""feedback_type"": ""static_negative_with_link"", ""question_id"": ""q2"", ""condition"": ""static""}"
debugM6046J:debug0ZW18F,22,1763508004562,"{""phase"": ""INTERACTION"", ""event"": ""clicked_continue_after_review_offer"", ""question_id"": ""q2"", ""condition"": ""static""}"
debugM6046J:debug0ZW18F,23,1763508008074,"{""phase"": ""TEST"", ""trial_index"": 1, ""question_id"": ""q6"", ""question_text"": ""What is the integral of cos(x) dx? (Omit +C)"", ""correct_answer"": ""sin(x)"", ""response"": ""5"", ""correct"": false, ""difficulty"": ""difficult"", ""rt"": 3511, ""condition"": ""static""}"
debugM6046J:debug0ZW18F,24,1763508008074,"{""phase"": ""FEEDBACK"", ""feedback_type"": ""static_negative_with_link"", ""question_id"": ""q6"", ""condition"": ""static""}"
debugM6046J:debug0ZW18F,25,1763508009510,"{""phase"": ""INTERACTION"", ""event"": ""clicked_continue_after_review_offer"", ""question_id"": ""q6"", ""condition"": ""static""}"
debugM6046J:debug0ZW18F,26,1763508012358,"{""phase"": ""TEST"", ""trial_index"": 2, ""question_id"": ""q3"", ""question_text"": ""What is the derivative of e^x?"", ""correct_answer"": ""e^x"", ""response"": ""4"", ""correct"": false, ""difficulty"": ""easy"", ""rt"": 2847, ""condition"": ""static""}"
debugM6046J:debug0ZW18F,27,1763508012358,"{""phase"": ""FEEDBACK"", ""feedback_type"": ""static_negative_with_link"", ""question_id"": ""q3"", ""condition"": ""static""}"
debugM6046J:debug0ZW18F,28,1763508013603,"{""phase"": ""INTERACTION"", ""event"": ""clicked_continue_after_review_offer"", ""question_id"": ""q3"", ""condition"": ""static""}"
debugM6046J:debug0ZW18F,29,1763508016178,"{""phase"": ""TEST"", ""trial_index"": 3, ""question_id"": ""q1"", ""question_text"": ""What is the derivative of 5x? (Enter a number)"", ""correct_answer"": ""5"", ""response"": ""4"", ""correct"": false, ""difficulty"": ""easy"", ""rt"": 2574, ""condition"": ""static""}"
debugM6046J:debug0ZW18F,30,1763508016178,"{""phase"": ""FEEDBACK"", ""feedback_type"": ""static_negative_with_link"", ""question_id"": ""q1"", ""condition"": ""static""}"
debugM6046J:debug0ZW18F,31,1763508017543,"{""phase"": ""INTERACTION"", ""event"": ""clicked_continue_after_review_offer"", ""question_id"": ""q1"", ""condition"": ""static""}"
debugM6046J:debug0ZW18F,32,1763508020125,"{""phase"": ""TEST"", ""trial_index"": 4, ""question_id"": ""q5"", ""question_text"": ""What is the integral of 1/x dx? (Format: ln(x))"", ""correct_answer"": ""ln(x)"", ""response"": ""4"", ""correct"": false, ""difficulty"": ""difficult"", ""rt"": 2581, ""condition"": ""static""}"
debugM6046J:debug0ZW18F,33,1763508020125,"{""phase"": ""FEEDBACK"", ""feedback_type"": ""static_negative_with_link"", ""question_id"": ""q5"", ""condition"": ""static""}"
debugM6046J:debug0ZW18F,34,1763508021483,"{""phase"": ""INTERACTION"", ""event"": ""clicked_continue_after_review_offer"", ""question_id"": ""q5"", ""condition"": ""static""}"
debugM6046J:debug0ZW18F,35,1763508023818,"{""phase"": ""TEST"", ""trial_index"": 5, ""question_id"": ""q4"", ""question_text"": ""Evaluate the definite integral from 0 to 2 of: 3x^2 dx. (Enter a number)"", ""correct_answer"": ""8"", ""response"": ""4"", ""correct"": false, ""difficulty"": ""difficult"", ""rt"": 2334, ""condition"": ""static""}"
debugM6046J:debug0ZW18F,36,1763508023819,"{""phase"": ""FEEDBACK"", ""feedback_type"": ""static_negative_with_link"", ""question_id"": ""q4"", ""condition"": ""static""}"
debugM6046J:debug0ZW18F,37,1763508025849,"{""phase"": ""INTERACTION"", ""event"": ""clicked_continue_after_review_offer"", ""question_id"": ""q4"", ""condition"": ""static""}"
debugM6046J:debug0ZW18F,38,1763508025849,"{""phase"": ""TEST"", ""status"": ""finished"", ""condition"": ""static""}"
debugM6046J:debug0ZW18F,39,1763508025850,"{""phase"": ""postquestionnaire"", ""status"": ""begin"", ""condition"": ""static""}"
debugM6046J:debug0ZW18F,40,1763508055492,"{""phase"": ""postquestionnaire"", ""status"": ""submit""}"
debugM6046J:debug0ZW18F,41,1763508055492,"{""phase"": ""postquestionnaire"", ""survey"": ""{\""engagement_q1\"":\""2\"",\""engagement_q2\"":\""\"",\""usability_q1\"":\""\"",\""usability_q2\"":\""\"",\""adaptiveness_q1\"":\""\"",\""adaptiveness_q2\"":\""\"",\""satisfaction_overall\"":\""5\""}"", ""condition"": ""static""}"
debugM6046J:debug0ZW18F,42,1763508059032,"{""phase"": ""postquestionnaire"", ""status"": ""submit""}"
debugM6046J:debug0ZW18F,43,1763508059032,"{""phase"": ""postquestionnaire"", ""survey"": ""{\""engagement_q1\"":\""2\"",\""engagement_q2\"":\""\"",\""usability_q1\"":\""\"",\""usability_q2\"":\""\"",\""adaptiveness_q1\"":\""\"",\""adaptiveness_q2\"":\""\"",\""satisfaction_overall\"":\""5\""}"", ""condition"": ""static""}"
debugM6046J:debug0ZW18F,44,1763508060028,"{""phase"": ""postquestionnaire"", ""status"": ""submit""}"
debugM6046J:debug0ZW18F,45,1763508060028,"{""phase"": ""postquestionnaire"", ""survey"": ""{\""engagement_q1\"":\""2\"",\""engagement_q2\"":\""\"",\""usability_q1\"":\""\"",\""usability_q2\"":\""\"",\""adaptiveness_q1\"":\""\"",\""adaptiveness_q2\"":\""\"",\""satisfaction_overall\"":\""5\""}"", ""condition"": ""static""}"
debugM6046J:debug0ZW18F,46,1763508060243,"{""phase"": ""postquestionnaire"", ""status"": ""submit""}"
debugM6046J:debug0ZW18F,47,1763508060243,"{""phase"": ""postquestionnaire"", ""survey"": ""{\""engagement_q1\"":\""2\"",\""engagement_q2\"":\""\"",\""usability_q1\"":\""\"",\""usability_q2\"":\""\"",\""adaptiveness_q1\"":\""\"",\""adaptiveness_q2\"":\""\"",\""satisfaction_overall\"":\""5\""}"", ""condition"": ""static""}"
debugM6046J:debug0ZW18F,48,1763508061447,"{""phase"": ""postquestionnaire"", ""status"": ""submit""}"
debugM6046J:debug0ZW18F,49,1763508061447,"{""phase"": ""postquestionnaire"", ""survey"": ""{\""engagement_q1\"":\""2\"",\""engagement_q2\"":\""\"",\""usability_q1\"":\""\"",\""usability_q2\"":\""\"",\""adaptiveness_q1\"":\""\"",\""adaptiveness_q2\"":\""\"",\""satisfaction_overall\"":\""5\""}"", ""condition"": ""static""}"
debugM6046J:debug0ZW18F,50,1763508062618,"{""phase"": ""postquestionnaire"", ""status"": ""submit""}"
debugM6046J:debug0ZW18F,51,1763508062618,"{""phase"": ""postquestionnaire"", ""survey"": ""{\""engagement_q1\"":\""2\"",\""engagement_q2\"":\""\"",\""usability_q1\"":\""\"",\""usability_q2\"":\""\"",\""adaptiveness_q1\"":\""\"",\""adaptiveness_q2\"":\""\"",\""satisfaction_overall\"":\""5\""}"", ""condition"": ""static""}"
debugM6046J:debug0ZW18F,52,1763508063654,"{""phase"": ""postquestionnaire"", ""status"": ""submit""}"
debugM6046J:debug0ZW18F,53,1763508063654,"{""phase"": ""postquestionnaire"", ""survey"": ""{\""engagement_q1\"":\""2\"",\""engagement_q2\"":\""\"",\""usability_q1\"":\""\"",\""usability_q2\"":\""\"",\""adaptiveness_q1\"":\""\"",\""adaptiveness_q2\"":\""\"",\""satisfaction_overall\"":\""5\""}"", ""condition"": ""static""}"
debugM6046J:debug0ZW18F,54,1763508064192,"{""phase"": ""postquestionnaire"", ""status"": ""submit""}"
debugM6046J:debug0ZW18F,55,1763508064192,"{""phase"": ""postquestionnaire"", ""survey"": ""{\""engagement_q1\"":\""2\"",\""engagement_q2\"":\""\"",\""usability_q1\"":\""\"",\""usability_q2\"":\""\"",\""adaptiveness_q1\"":\""\"",\""adaptiveness_q2\"":\""\"",\""satisfaction_overall\"":\""5\""}"", ""condition"": ""static""}"
debugM6046J:debug0ZW18F,56,1763508064661,"{""phase"": ""postquestionnaire"", ""status"": ""submit""}"
debugM6046J:debug0ZW18F,57,1763508064661,"{""phase"": ""postquestionnaire"", ""survey"": ""{\""engagement_q1\"":\""2\"",\""engagement_q2\"":\""\"",\""usability_q1\"":\""\"",\""usability_q2\"":\""\"",\""adaptiveness_q1\"":\""\"",\""adaptiveness_q2\"":\""\"",\""satisfaction_overall\"":\""5\""}"", ""condition"": ""static""}"
debugM6046J:debug0ZW18F,58,1763508065172,"{""phase"": ""postquestionnaire"", ""status"": ""submit""}"
debugM6046J:debug0ZW18F,59,1763508065172,"{""phase"": ""postquestionnaire"", ""survey"": ""{\""engagement_q1\"":\""2\"",\""engagement_q2\"":\""\"",\""usability_q1\"":\""\"",\""usability_q2\"":\""\"",\""adaptiveness_q1\"":\""\"",\""adaptiveness_q2\"":\""\"",\""satisfaction_overall\"":\""5\""}"", ""condition"": ""static""}"
debugM6046J:debug0ZW18F,60,1763508065676,"{""phase"": ""postquestionnaire"", ""status"": ""submit""}"
debugM6046J:debug0ZW18F,61,1763508065676,"{""phase"": ""postquestionnaire"", ""survey"": ""{\""engagement_q1\"":\""2\"",\""engagement_q2\"":\""\"",\""usability_q1\"":\""\"",\""usability_q2\"":\""\"",\""adaptiveness_q1\"":\""\"",\""adaptiveness_q2\"":\""\"",\""satisfaction_overall\"":\""5\""}"", ""condition"": ""static""}"
debugM6046J:debug0ZW18F,62,1763508066313,"{""phase"": ""postquestionnaire"", ""status"": ""submit""}"
debugM6046J:debug0ZW18F,63,1763508066313,"{""phase"": ""postquestionnaire"", ""survey"": ""{\""engagement_q1\"":\""2\"",\""engagement_q2\"":\""\"",\""usability_q1\"":\""\"",\""usability_q2\"":\""\"",\""adaptiveness_q1\"":\""\"",\""adaptiveness_q2\"":\""\"",\""satisfaction_overall\"":\""5\""}"", ""condition"": ""static""}"
debugM6046J:debug0ZW18F,64,1763508066852,"{""phase"": ""postquestionnaire"", ""status"": ""submit""}"
debugM6046J:debug0ZW18F,65,1763508066852,"{""phase"": ""postquestionnaire"", ""survey"": ""{\""engagement_q1\"":\""2\"",\""engagement_q2\"":\""\"",\""usability_q1\"":\""\"",\""usability_q2\"":\""\"",\""adaptiveness_q1\"":\""\"",\""adaptiveness_q2\"":\""\"",\""satisfaction_overall\"":\""5\""}"", ""condition"": ""static""}"
debug1WL1TK:debug6T5TCH,0,1763509297990,"{""phase"": ""INSTRUCTIONS"", ""templates"": [""instructions/instruct-1.html"", ""instructions/instruct-2.html"", ""instructions/instruct-3.html"", ""instructions/instruct-ready.html""], ""action"": ""Begin""}"
debug1WL1TK:debug6T5TCH,1,1763509299351,"{""phase"": ""INSTRUCTIONS"", ""template"": ""instructions/instruct-1.html"", ""indexOf"": 0, ""action"": ""NextPage"", ""viewTime"": 1357}"
debug1WL1TK:debug6T5TCH,2,1763509301546,"{""phase"": ""INSTRUCTIONS"", ""template"": ""instructions/instruct-2.html"", ""indexOf"": 1, ""action"": ""NextPage"", ""viewTime"": 2194}"
debug1WL1TK:debug6T5TCH,3,1763509303413,"{""phase"": ""INSTRUCTIONS"", ""template"": ""instructions/instruct-3.html"", ""indexOf"": 2, ""action"": ""NextPage"", ""viewTime"": 1866}"
debug1WL1TK:debug6T5TCH,4,1763509304811,"{""phase"": ""INSTRUCTIONS"", ""template"": ""instructions/instruct-ready.html"", ""indexOf"": 3, ""action"": ""FinishInstructions"", ""viewTime"": 1397}"
debug1WL1TK:debug6T5TCH,5,1763509304819,"{""phase"": ""ASSIGNMENT"", ""condition"": ""adaptive""}"
debug1WL1TK:debug6T5TCH,6,1763509307321,"{""phase"": ""TEST"", ""trial_index"": 0, ""question_id"": ""q6"", ""question_text"": ""What is the integral of cos(x) dx? (Omit +C)"", ""correct_answer"": ""sin(x)"", ""response"": ""5"", ""correct"": false, ""difficulty"": ""difficult"", ""rt"": 2502, ""condition"": ""adaptive""}"
debug1WL1TK:debug6T5TCH,7,1763509307322,"{""phase"": ""FEEDBACK"", ""feedback_type"": ""adaptive_suggest_retry"", ""question_id"": ""q6"", ""condition"": ""adaptive""}"
debug1WL1TK:debug6T5TCH,8,1763509310374,"{""phase"": ""INTERACTION"", ""event"": ""retry_clicked"", ""question_id"": ""q6"", ""condition"": ""adaptive""}"
debug1WL1TK:debug6T5TCH,9,1763509314268,"{""phase"": ""TEST"", ""trial_index"": 1, ""question_id"": ""q1"", ""question_text"": ""What is the derivative of 5x? (Enter a number)"", ""correct_answer"": ""5"", ""response"": ""5"", ""correct"": true, ""difficulty"": ""easy"", ""rt"": 3892, ""condition"": ""adaptive""}"
debug1WL1TK:debug6T5TCH,10,1763509314268,"{""phase"": ""FEEDBACK"", ""feedback_type"": ""adaptive_positive"", ""question_id"": ""q1"", ""condition"": ""adaptive""}"
debug1WL1TK:debug6T5TCH,11,1763509319370,"{""phase"": ""TEST"", ""trial_index"": 2, ""question_id"": ""q4"", ""question_text"": ""Evaluate the definite integral from 0 to 2 of: 3x^2 dx. (Enter a number)"", ""correct_answer"": ""8"", ""response"": ""8"", ""correct"": true, ""difficulty"": ""difficult"", ""rt"": 4199, ""condition"": ""adaptive""}"
debug1WL1TK:debug6T5TCH,12,1763509319370,"{""phase"": ""FEEDBACK"", ""feedback_type"": ""adaptive_positive"", ""question_id"": ""q4"", ""condition"": ""adaptive""}"
debug1WL1TK:debug6T5TCH,13,1763509323234,"{""phase"": ""TEST"", ""trial_index"": 3, ""question_id"": ""q5"", ""question_text"": ""What is the integral of 1/x dx? (Format: ln(x))"", ""correct_answer"": ""ln(x)"", ""response"": ""1"", ""correct"": false, ""difficulty"": ""difficult"", ""rt"": 2963, ""condition"": ""adaptive""}"
debug1WL1TK:debug6T5TCH,14,1763509323234,"{""phase"": ""FEEDBACK"", ""feedback_type"": ""adaptive_suggest_retry"", ""question_id"": ""q5"", ""condition"": ""adaptive""}"
debug1WL1TK:debug6T5TCH,15,1763509327663,"{""phase"": ""TEST"", ""trial_index"": 3, ""question_id"": ""q5"", ""question_text"": ""What is the integral of 1/x dx? (Format: ln(x))"", ""correct_answer"": ""ln(x)"", ""response"": ""1"", ""correct"": false, ""difficulty"": ""difficult"", ""rt"": 7392, ""condition"": ""adaptive""}"
debug1WL1TK:debug6T5TCH,16,1763509327663,"{""phase"": ""FEEDBACK"", ""feedback_type"": ""adaptive_suggest_retry"", ""question_id"": ""q5"", ""condition"": ""adaptive""}"
debug1WL1TK:debug6T5TCH,17,1763509328958,"{""phase"": ""INTERACTION"", ""event"": ""retry_clicked"", ""question_id"": ""q5"", ""condition"": ""adaptive""}"
debug1WL1TK:debug6T5TCH,18,1763509332823,"{""phase"": ""TEST"", ""trial_index"": 4, ""question_id"": ""q2"", ""question_text"": ""What is the derivative of sin(x)?"", ""correct_answer"": ""cos(x)"", ""response"": ""8"", ""correct"": false, ""difficulty"": ""easy"", ""rt"": 3863, ""condition"": ""adaptive""}"
debug1WL1TK:debug6T5TCH,19,1763509332824,"{""phase"": ""FEEDBACK"", ""feedback_type"": ""adaptive_encourage_offer_review"", ""question_id"": ""q2"", ""condition"": ""adaptive""}"
debug1WL1TK:debug6T5TCH,20,1763509335773,"{""phase"": ""INTERACTION"", ""event"": ""clicked_continue_after_review_offer"", ""question_id"": ""q2"", ""condition"": ""adaptive""}"
debug1WL1TK:debug6T5TCH,21,1763509339995,"{""phase"": ""TEST"", ""trial_index"": 5, ""question_id"": ""q3"", ""question_text"": ""What is the derivative of e^x?"", ""correct_answer"": ""e^x"", ""response"": ""4"", ""correct"": false, ""difficulty"": ""easy"", ""rt"": 4221, ""condition"": ""adaptive""}"
debug1WL1TK:debug6T5TCH,22,1763509339995,"{""phase"": ""FEEDBACK"", ""feedback_type"": ""adaptive_encourage_offer_review"", ""question_id"": ""q3"", ""condition"": ""adaptive""}"
debug1WL1TK:debug6T5TCH,23,1763509341465,"{""phase"": ""INTERACTION"", ""event"": ""clicked_continue_after_review_offer"", ""question_id"": ""q3"", ""condition"": ""adaptive""}"
debug1WL1TK:debug6T5TCH,24,1763509341466,"{""phase"": ""TEST"", ""status"": ""finished"", ""condition"": ""adaptive""}"
debug1WL1TK:debug6T5TCH,25,1763509341466,"{""phase"": ""postquestionnaire"", ""status"": ""begin"", ""condition"": ""adaptive""}"
debug1WL1TK:debug6T5TCH,26,1763509362726,"{""phase"": ""postquestionnaire"", ""status"": ""submit""}"
debug1WL1TK:debug6T5TCH,27,1763509362727,"{""phase"": ""postquestionnaire"", ""survey"": ""{\""engagement_q1\"":\""1\"",\""engagement_q2\"":\""\"",\""usability_q1\"":\""\"",\""usability_q2\"":\""\"",\""adaptiveness_q1\"":\""\"",\""adaptiveness_q2\"":\""\"",\""satisfaction_overall\"":\""1\""}"", ""condition"": ""adaptive""}"
debug1WL1TK:debug6T5TCH,28,1763509364094,"{""phase"": ""postquestionnaire"", ""status"": ""submit""}"
debug1WL1TK:debug6T5TCH,29,1763509364094,"{""phase"": ""postquestionnaire"", ""survey"": ""{\""engagement_q1\"":\""1\"",\""engagement_q2\"":\""\"",\""usability_q1\"":\""\"",\""usability_q2\"":\""\"",\""adaptiveness_q1\"":\""\"",\""adaptiveness_q2\"":\""\"",\""satisfaction_overall\"":\""1\""}"", ""condition"": ""adaptive""}"
debug1WL1TK:debug6T5TCH,30,1763509364915,"{""phase"": ""postquestionnaire"", ""status"": ""submit""}"
debug1WL1TK:debug6T5TCH,31,1763509364915,"{""phase"": ""postquestionnaire"", ""survey"": ""{\""engagement_q1\"":\""1\"",\""engagement_q2\"":\""\"",\""usability_q1\"":\""\"",\""usability_q2\"":\""\"",\""adaptiveness_q1\"":\""\"",\""adaptiveness_q2\"":\""\"",\""satisfaction_overall\"":\""1\""}"", ""condition"": ""adaptive""}"
debug1WL1TK:debug6T5TCH,32,1763509365477,"{""phase"": ""postquestionnaire"", ""status"": ""submit""}"
debug1WL1TK:debug6T5TCH,33,1763509365477,"{""phase"": ""postquestionnaire"", ""survey"": ""{\""engagement_q1\"":\""1\"",\""engagement_q2\"":\""\"",\""usability_q1\"":\""\"",\""usability_q2\"":\""\"",\""adaptiveness_q1\"":\""\"",\""adaptiveness_q2\"":\""\"",\""satisfaction_overall\"":\""1\""}"", ""condition"": ""adaptive""}"
debug1WL1TK:debug6T5TCH,34,1763509365931,"{""phase"": ""postquestionnaire"", ""status"": ""submit""}"
debug1WL1TK:debug6T5TCH,35,1763509365931,"{""phase"": ""postquestionnaire"", ""survey"": ""{\""engagement_q1\"":\""1\"",\""engagement_q2\"":\""\"",\""usability_q1\"":\""\"",\""usability_q2\"":\""\"",\""adaptiveness_q1\"":\""\"",\""adaptiveness_q2\"":\""\"",\""satisfaction_overall\"":\""1\""}"", ""condition"": ""adaptive""}"
debug1WL1TK:debug6T5TCH,36,1763509366408,"{""phase"": ""postquestionnaire"", ""status"": ""submit""}"
debug1WL1TK:debug6T5TCH,37,1763509366409,"{""phase"": ""postquestionnaire"", ""survey"": ""{\""engagement_q1\"":\""1\"",\""engagement_q2\"":\""\"",\""usability_q1\"":\""\"",\""usability_q2\"":\""\"",\""adaptiveness_q1\"":\""\"",\""adaptiveness_q2\"":\""\"",\""satisfaction_overall\"":\""1\""}"", ""condition"": ""adaptive""}"
debug1WL1TK:debug6T5TCH,38,1763509366846,"{""phase"": ""postquestionnaire"", ""status"": ""submit""}"
debug1WL1TK:debug6T5TCH,39,1763509366846,"{""phase"": ""postquestionnaire"", ""survey"": ""{\""engagement_q1\"":\""1\"",\""engagement_q2\"":\""\"",\""usability_q1\"":\""\"",\""usability_q2\"":\""\"",\""adaptiveness_q1\"":\""\"",\""adaptiveness_q2\"":\""\"",\""satisfaction_overall\"":\""1\""}"", ""condition"": ""adaptive""}"
debug1WL1TK:debug6T5TCH,40,1763509367265,"{""phase"": ""postquestionnaire"", ""status"": ""submit""}"
debug1WL1TK:debug6T5TCH,41,1763509367265,"{""phase"": ""postquestionnaire"", ""survey"": ""{\""engagement_q1\"":\""1\"",\""engagement_q2\"":\""\"",\""usability_q1\"":\""\"",\""usability_q2\"":\""\"",\""adaptiveness_q1\"":\""\"",\""adaptiveness_q2\"":\""\"",\""satisfaction_overall\"":\""1\""}"", ""condition"": ""adaptive""}"
debug1WL1TK:debug6T5TCH,42,1763509369438,"{""phase"": ""postquestionnaire"", ""status"": ""submit""}"
debug1WL1TK:debug6T5TCH,43,1763509369438,"{""phase"": ""postquestionnaire"", ""survey"": ""{\""engagement_q1\"":\""1\"",\""engagement_q2\"":\""\"",\""usability_q1\"":\""\"",\""usability_q2\"":\""\"",\""adaptiveness_q1\"":\""\"",\""adaptiveness_q2\"":\""\"",\""satisfaction_overall\"":\""1\""}"", ""condition"": ""adaptive""}"
debug1WL1TK:debug6T5TCH,44,1763509370038,"{""phase"": ""postquestionnaire"", ""status"": ""submit""}"
debug1WL1TK:debug6T5TCH,45,1763509370038,"{""phase"": ""postquestionnaire"", ""survey"": ""{\""engagement_q1\"":\""1\"",\""engagement_q2\"":\""\"",\""usability_q1\"":\""\"",\""usability_q2\"":\""\"",\""adaptiveness_q1\"":\""\"",\""adaptiveness_q2\"":\""\"",\""satisfaction_overall\"":\""1\""}"", ""condition"": ""adaptive""}"
debug1WL1TK:debug6T5TCH,46,1763509370528,"{""phase"": ""postquestionnaire"", ""status"": ""submit""}"
debug1WL1TK:debug6T5TCH,47,1763509370528,"{""phase"": ""postquestionnaire"", ""survey"": ""{\""engagement_q1\"":\""1\"",\""engagement_q2\"":\""\"",\""usability_q1\"":\""\"",\""usability_q2\"":\""\"",\""adaptiveness_q1\"":\""\"",\""adaptiveness_q2\"":\""\"",\""satisfaction_overall\"":\""1\""}"", ""condition"": ""adaptive""}"
debug1WL1TK:debug6T5TCH,48,1763509371055,"{""phase"": ""postquestionnaire"", ""status"": ""submit""}"
debug1WL1TK:debug6T5TCH,49,1763509371055,"{""phase"": ""postquestionnaire"", ""survey"": ""{\""engagement_q1\"":\""1\"",\""engagement_q2\"":\""\"",\""usability_q1\"":\""\"",\""usability_q2\"":\""\"",\""adaptiveness_q1\"":\""\"",\""adaptiveness_q2\"":\""\"",\""satisfaction_overall\"":\""1\""}"", ""condition"": ""adaptive""}"
debug1WL1TK:debug6T5TCH,50,1763509371910,"{""phase"": ""postquestionnaire"", ""status"": ""submit""}"
debug1WL1TK:debug6T5TCH,51,1763509371911,"{""phase"": ""postquestionnaire"", ""survey"": ""{\""engagement_q1\"":\""1\"",\""engagement_q2\"":\""\"",\""usability_q1\"":\""\"",\""usability_q2\"":\""\"",\""adaptiveness_q1\"":\""\"",\""adaptiveness_q2\"":\""\"",\""satisfaction_overall\"":\""1\""}"", ""condition"": ""adaptive""}"
debug1WL1TK:debug6T5TCH,52,1763509373001,"{""phase"": ""postquestionnaire"", ""status"": ""submit""}"
debug1WL1TK:debug6T5TCH,53,1763509373001,"{""phase"": ""postquestionnaire"", ""survey"": ""{\""engagement_q1\"":\""1\"",\""engagement_q2\"":\""\"",\""usability_q1\"":\""\"",\""usability_q2\"":\""\"",\""adaptiveness_q1\"":\""\"",\""adaptiveness_q2\"":\""\"",\""satisfaction_overall\"":\""1\""}"", ""condition"": ""adaptive""}"
debug1WL1TK:debug6T5TCH,54,1763509523587,"{""phase"": ""postquestionnaire"", ""status"": ""submit""}"
debug1WL1TK:debug6T5TCH,55,1763509523587,"{""phase"": ""postquestionnaire"", ""survey"": ""{\""engagement_q1\"":\""1\"",\""engagement_q2\"":\""\"",\""usability_q1\"":\""\"",\""usability_q2\"":\""\"",\""adaptiveness_q1\"":\""\"",\""adaptiveness_q2\"":\""\"",\""satisfaction_overall\"":\""1\""}"", ""condition"": ""adaptive""}"
debug1WL1TK:debug6T5TCH,56,1763509524031,"{""phase"": ""postquestionnaire"", ""status"": ""submit""}"
debug1WL1TK:debug6T5TCH,57,1763509524031,"{""phase"": ""postquestionnaire"", ""survey"": ""{\""engagement_q1\"":\""1\"",\""engagement_q2\"":\""\"",\""usability_q1\"":\""\"",\""usability_q2\"":\""\"",\""adaptiveness_q1\"":\""\"",\""adaptiveness_q2\"":\""\"",\""satisfaction_overall\"":\""1\""}"", ""condition"": ""adaptive""}"
debug1WL1TK:debug6T5TCH,58,1763509524184,"{""phase"": ""postquestionnaire"", ""status"": ""submit""}"
debug1WL1TK:debug6T5TCH,59,1763509524184,"{""phase"": ""postquestionnaire"", ""survey"": ""{\""engagement_q1\"":\""1\"",\""engagement_q2\"":\""\"",\""usability_q1\"":\""\"",\""usability_q2\"":\""\"",\""adaptiveness_q1\"":\""\"",\""adaptiveness_q2\"":\""\"",\""satisfaction_overall\"":\""1\""}"", ""condition"": ""adaptive""}"
debug1WL1TK:debug6T5TCH,60,1763509524324,"{""phase"": ""postquestionnaire"", ""status"": ""submit""}"
debug1WL1TK:debug6T5TCH,61,1763509524324,"{""phase"": ""postquestionnaire"", ""survey"": ""{\""engagement_q1\"":\""1\"",\""engagement_q2\"":\""\"",\""usability_q1\"":\""\"",\""usability_q2\"":\""\"",\""adaptiveness_q1\"":\""\"",\""adaptiveness_q2\"":\""\"",\""satisfaction_overall\"":\""1\""}"", ""condition"": ""adaptive""}"
debug1WL1TK:debug6T5TCH,62,1763509524455,"{""phase"": ""postquestionnaire"", ""status"": ""submit""}"
debug1WL1TK:debug6T5TCH,63,1763509524455,"{""phase"": ""postquestionnaire"", ""survey"": ""{\""engagement_q1\"":\""1\"",\""engagement_q2\"":\""\"",\""usability_q1\"":\""\"",\""usability_q2\"":\""\"",\""adaptiveness_q1\"":\""\"",\""adaptiveness_q2\"":\""\"",\""satisfaction_overall\"":\""1\""}"", ""condition"": ""adaptive""}"
debug1WL1TK:debug6T5TCH,64,1763509524671,"{""phase"": ""postquestionnaire"", ""status"": ""submit""}"
debug1WL1TK:debug6T5TCH,65,1763509524671,"{""phase"": ""postquestionnaire"", ""survey"": ""{\""engagement_q1\"":\""1\"",\""engagement_q2\"":\""\"",\""usability_q1\"":\""\"",\""usability_q2\"":\""\"",\""adaptiveness_q1\"":\""\"",\""adaptiveness_q2\"":\""\"",\""satisfaction_overall\"":\""1\""}"", ""condition"": ""adaptive""}"
debug2T65LC:debugXBSC7U,0,1763509832555,"{""action"": ""Begin"", ""phase"": ""INSTRUCTIONS"", ""templates"": [""instructions/instruct-1.html"", ""instructions/instruct-2.html"", ""instructions/instruct-3.html"", ""instructions/instruct-ready.html""]}"
debug2T65LC:debugXBSC7U,1,1763509834729,"{""action"": ""NextPage"", ""indexOf"": 0, ""phase"": ""INSTRUCTIONS"", ""template"": ""instructions/instruct-1.html"", ""viewTime"": 2171}"
debug2T65LC:debugXBSC7U,2,1763509836895,"{""action"": ""NextPage"", ""indexOf"": 1, ""phase"": ""INSTRUCTIONS"", ""template"": ""instructions/instruct-2.html"", ""viewTime"": 2165}"
debug2T65LC:debugXBSC7U,3,1763509838658,"{""action"": ""NextPage"", ""indexOf"": 2, ""phase"": ""INSTRUCTIONS"", ""template"": ""instructions/instruct-3.html"", ""viewTime"": 1763}"
debug2T65LC:debugXBSC7U,4,1763509840261,"{""action"": ""FinishInstructions"", ""indexOf"": 3, ""phase"": ""INSTRUCTIONS"", ""template"": ""instructions/instruct-ready.html"", ""viewTime"": 1602}"
debug2T65LC:debugXBSC7U,5,1763509840268,"{""condition"": ""adaptive"", ""phase"": ""ASSIGNMENT""}"
debug2T65LC:debugXBSC7U,6,1763509844829,"{""condition"": ""adaptive"", ""correct"": false, ""correct_answer"": ""8"", ""difficulty"": ""difficult"", ""phase"": ""TEST"", ""question_id"": ""q4"", ""question_text"": ""Evaluate the definite integral from 0 to 2 of: 3x^2 dx. (Enter a number)"", ""response"": ""2"", ""rt"": 4561, ""trial_index"": 0}"
debug2T65LC:debugXBSC7U,7,1763509844830,"{""condition"": ""adaptive"", ""feedback_type"": ""adaptive_suggest_retry"", ""phase"": ""FEEDBACK"", ""question_id"": ""q4""}"
debug2T65LC:debugXBSC7U,8,1763509848364,"{""condition"": ""adaptive"", ""correct"": false, ""correct_answer"": ""8"", ""difficulty"": ""difficult"", ""phase"": ""TEST"", ""question_id"": ""q4"", ""question_text"": ""Evaluate the definite integral from 0 to 2 of: 3x^2 dx. (Enter a number)"", ""response"": ""2"", ""rt"": 8096, ""trial_index"": 0}"
debug2T65LC:debugXBSC7U,9,1763509848365,"{""condition"": ""adaptive"", ""feedback_type"": ""adaptive_suggest_retry"", ""phase"": ""FEEDBACK"", ""question_id"": ""q4""}"
debug2T65LC:debugXBSC7U,10,1763509851006,"{""condition"": ""adaptive"", ""event"": ""retry_clicked"", ""phase"": ""INTERACTION"", ""question_id"": ""q4""}"
debug2T65LC:debugXBSC7U,11,1763509853421,"{""condition"": ""adaptive"", ""correct"": false, ""correct_answer"": ""cos(x)"", ""difficulty"": ""easy"", ""phase"": ""TEST"", ""question_id"": ""q2"", ""question_text"": ""What is the derivative of sin(x)?"", ""response"": ""2"", ""rt"": 2414, ""trial_index"": 1}"
debug2T65LC:debugXBSC7U,12,1763509853422,"{""condition"": ""adaptive"", ""feedback_type"": ""adaptive_encourage_offer_review"", ""phase"": ""FEEDBACK"", ""question_id"": ""q2""}"
debug2T65LC:debugXBSC7U,13,1763509854821,"{""condition"": ""adaptive"", ""event"": ""clicked_continue_after_review_offer"", ""phase"": ""INTERACTION"", ""question_id"": ""q2""}"
debug2T65LC:debugXBSC7U,14,1763509857272,"{""condition"": ""adaptive"", ""correct"": false, ""correct_answer"": ""sin(x)"", ""difficulty"": ""difficult"", ""phase"": ""TEST"", ""question_id"": ""q6"", ""question_text"": ""What is the integral of cos(x) dx? (Omit +C)"", ""response"": ""2"", ""rt"": 2450, ""trial_index"": 2}"
debug2T65LC:debugXBSC7U,15,1763509857274,"{""condition"": ""adaptive"", ""feedback_type"": ""adaptive_encourage_offer_review"", ""phase"": ""FEEDBACK"", ""question_id"": ""q6""}"
debug2T65LC:debugXBSC7U,16,1763509858640,"{""condition"": ""adaptive"", ""event"": ""clicked_continue_after_review_offer"", ""phase"": ""INTERACTION"", ""question_id"": ""q6""}"
debug2T65LC:debugXBSC7U,17,1763509861538,"{""condition"": ""adaptive"", ""correct"": false, ""correct_answer"": ""e^x"", ""difficulty"": ""easy"", ""phase"": ""TEST"", ""question_id"": ""q3"", ""question_text"": ""What is the derivative of e^x?"", ""response"": ""2"", ""rt"": 2896, ""trial_index"": 3}"
debug2T65LC:debugXBSC7U,18,1763509861539,"{""condition"": ""adaptive"", ""feedback_type"": ""adaptive_encourage_offer_review"", ""phase"": ""FEEDBACK"", ""question_id"": ""q3""}"
debug2T65LC:debugXBSC7U,19,1763509869641,"{""condition"": ""adaptive"", ""event"": ""clicked_continue_after_review_offer"", ""phase"": ""INTERACTION"", ""question_id"": ""q3""}"
debug2T65LC:debugXBSC7U,20,1763509875079,"{""condition"": ""adaptive"", ""correct"": false, ""correct_answer"": ""5"", ""difficulty"": ""easy"", ""phase"": ""TEST"", ""question_id"": ""q1"", ""question_text"": ""What is the derivative of 5x? (Enter a number)"", ""response"": ""2"", ""rt"": 5437, ""trial_index"": 4}"
debug2T65LC:debugXBSC7U,21,1763509875079,"{""condition"": ""adaptive"", ""feedback_type"": ""adaptive_encourage_offer_review"", ""phase"": ""FEEDBACK"", ""question_id"": ""q1""}"
debug2T65LC:debugXBSC7U,22,1763509876477,"{""condition"": ""adaptive"", ""event"": ""clicked_continue_after_review_offer"", ""phase"": ""INTERACTION"", ""question_id"": ""q1""}"
debug2T65LC:debugXBSC7U,23,1763509881082,"{""condition"": ""adaptive"", ""correct"": false, ""correct_answer"": ""ln(x)"", ""difficulty"": ""difficult"", ""phase"": ""TEST"", ""question_id"": ""q5"", ""question_text"": ""What is the integral of 1/x dx? (Format: ln(x))"", ""response"": ""2"", ""rt"": 4602, ""trial_index"": 5}"
debug2T65LC:debugXBSC7U,24,1763509881083,"{""condition"": ""adaptive"", ""feedback_type"": ""adaptive_encourage_offer_review"", ""phase"": ""FEEDBACK"", ""question_id"": ""q5""}"
debug2T65LC:debugXBSC7U,25,1763509882313,"{""condition"": ""adaptive"", ""event"": ""clicked_continue_after_review_offer"", ""phase"": ""INTERACTION"", ""question_id"": ""q5""}"
debug2T65LC:debugXBSC7U,26,1763509882313,"{""condition"": ""adaptive"", ""phase"": ""TEST"", ""status"": ""finished""}"
debug2T65LC:debugXBSC7U,27,1763509882314,"{""condition"": ""adaptive"", ""phase"": ""postquestionnaire"", ""status"": ""begin""}"
debug2T65LC:debugXBSC7U,28,1763509886046,"{""phase"": ""postquestionnaire"", ""status"": ""submit""}"
debug2T65LC:debugXBSC7U,29,1763509886046,"{""condition"": ""adaptive"", ""phase"": ""postquestionnaire"", ""survey"": ""{\""engagement_q1\"":\""1\"",\""engagement_q2\"":\""1\"",\""usability_q1\"":\""Yes\"",\""usability_q2\"":\""\"",\""adaptiveness_q1\"":\""\"",\""adaptiveness_q2\"":\""\"",\""satisfaction_overall\"":\""1\""}""}"
debug2T65LC:debugXBSC7U,30,1763509888746,"{""phase"": ""postquestionnaire"", ""status"": ""submit""}"
debug2T65LC:debugXBSC7U,31,1763509888746,"{""condition"": ""adaptive"", ""phase"": ""postquestionnaire"", ""survey"": ""{\""engagement_q1\"":\""1\"",\""engagement_q2\"":\""1\"",\""usability_q1\"":\""Yes\"",\""usability_q2\"":\""\"",\""adaptiveness_q1\"":\""\"",\""adaptiveness_q2\"":\""\"",\""satisfaction_overall\"":\""1\""}""}"
debug2T65LC:debugXBSC7U,32,1763509889454,"{""phase"": ""postquestionnaire"", ""status"": ""submit""}"
debug2T65LC:debugXBSC7U,33,1763509889454,"{""condition"": ""adaptive"", ""phase"": ""postquestionnaire"", ""survey"": ""{\""engagement_q1\"":\""1\"",\""engagement_q2\"":\""1\"",\""usability_q1\"":\""Yes\"",\""usability_q2\"":\""\"",\""adaptiveness_q1\"":\""\"",\""adaptiveness_q2\"":\""\"",\""satisfaction_overall\"":\""1\""}""}"
debug2T65LC:debugXBSC7U,34,1763509892223,"{""phase"": ""postquestionnaire"", ""status"": ""submit""}"
debug2T65LC:debugXBSC7U,35,1763509892223,"{""condition"": ""adaptive"", ""phase"": ""postquestionnaire"", ""survey"": ""{\""engagement_q1\"":\""1\"",\""engagement_q2\"":\""1\"",\""usability_q1\"":\""Yes\"",\""usability_q2\"":\""\"",\""adaptiveness_q1\"":\""\"",\""adaptiveness_q2\"":\""\"",\""satisfaction_overall\"":\""1\""}""}"
debug2T65LC:debugXBSC7U,36,1763509892982,"{""phase"": ""postquestionnaire"", ""status"": ""submit""}"
debug2T65LC:debugXBSC7U,37,1763509892982,"{""condition"": ""adaptive"", ""phase"": ""postquestionnaire"", ""survey"": ""{\""engagement_q1\"":\""1\"",\""engagement_q2\"":\""1\"",\""usability_q1\"":\""Yes\"",\""usability_q2\"":\""\"",\""adaptiveness_q1\"":\""\"",\""adaptiveness_q2\"":\""\"",\""satisfaction_overall\"":\""1\""}""}"
debug2T65LC:debugXBSC7U,38,1763509893158,"{""phase"": ""postquestionnaire"", ""status"": ""submit""}"
debug2T65LC:debugXBSC7U,39,1763509893158,"{""condition"": ""adaptive"", ""phase"": ""postquestionnaire"", ""survey"": ""{\""engagement_q1\"":\""1\"",\""engagement_q2\"":\""1\"",\""usability_q1\"":\""Yes\"",\""usability_q2\"":\""\"",\""adaptiveness_q1\"":\""\"",\""adaptiveness_q2\"":\""\"",\""satisfaction_overall\"":\""1\""}""}"
debug2T65LC:debugXBSC7U,40,1763510017156,"{""phase"": ""INSTRUCTIONS"", ""templates"": [""instructions/instruct-1.html"", ""instructions/instruct-2.html"", ""instructions/instruct-3.html"", ""instructions/instruct-ready.html""], ""action"": ""Begin""}"
debug2T65LC:debugXBSC7U,41,1763510018640,"{""phase"": ""INSTRUCTIONS"", ""template"": ""instructions/instruct-1.html"", ""indexOf"": 0, ""action"": ""NextPage"", ""viewTime"": 1482}"
debug2T65LC:debugXBSC7U,42,1763510020601,"{""phase"": ""INSTRUCTIONS"", ""template"": ""instructions/instruct-2.html"", ""indexOf"": 1, ""action"": ""NextPage"", ""viewTime"": 1960}"
debug2T65LC:debugXBSC7U,43,1763510022275,"{""phase"": ""INSTRUCTIONS"", ""template"": ""instructions/instruct-3.html"", ""indexOf"": 2, ""action"": ""NextPage"", ""viewTime"": 1673}"
debug2T65LC:debugXBSC7U,44,1763510023900,"{""phase"": ""INSTRUCTIONS"", ""template"": ""instructions/instruct-ready.html"", ""indexOf"": 3, ""action"": ""FinishInstructions"", ""viewTime"": 1624}"
debugJU28RL:debug01HL9E,0,1763510469423,"{""phase"": ""INSTRUCTIONS"", ""templates"": [""instructions/instruct-1.html"", ""instructions/instruct-2.html"", ""instructions/instruct-3.html"", ""instructions/instruct-ready.html""], ""action"": ""Begin""}"
debugJU28RL:debug01HL9E,1,1763510470923,"{""phase"": ""INSTRUCTIONS"", ""template"": ""instructions/instruct-1.html"", ""indexOf"": 0, ""action"": ""NextPage"", ""viewTime"": 1498}"
debugJU28RL:debug01HL9E,2,1763510473147,"{""phase"": ""INSTRUCTIONS"", ""template"": ""instructions/instruct-2.html"", ""indexOf"": 1, ""action"": ""NextPage"", ""viewTime"": 2223}"
debugJU28RL:debug01HL9E,3,1763510475246,"{""phase"": ""INSTRUCTIONS"", ""template"": ""instructions/instruct-3.html"", ""indexOf"": 2, ""action"": ""NextPage"", ""viewTime"": 2098}"
debugJU28RL:debug01HL9E,4,1763510476894,"{""phase"": ""INSTRUCTIONS"", ""template"": ""instructions/instruct-ready.html"", ""indexOf"": 3, ""action"": ""FinishInstructions"", ""viewTime"": 1647}"
debugTugt2:debugPVHe3,0,1763661772962,"{""action"": ""Begin"", ""phase"": ""INSTRUCTIONS"", ""templates"": [""instructions/instruct-1.html"", ""instructions/instruct-2.html"", ""instructions/instruct-3.html"", ""instructions/instruct-ready.html""]}"
debugTugt2:debugPVHe3,1,1763661858755,"{""action"": ""NextPage"", ""indexOf"": 0, ""phase"": ""INSTRUCTIONS"", ""template"": ""instructions/instruct-1.html"", ""viewTime"": 85787}"
debugTugt2:debugPVHe3,2,1763661900287,"{""action"": ""NextPage"", ""indexOf"": 1, ""phase"": ""INSTRUCTIONS"", ""template"": ""instructions/instruct-2.html"", ""viewTime"": 41529}"
debugTugt2:debugPVHe3,3,1763661911968,"{""action"": ""NextPage"", ""indexOf"": 2, ""phase"": ""INSTRUCTIONS"", ""template"": ""instructions/instruct-3.html"", ""viewTime"": 11677}"
debugTugt2:debugPVHe3,4,1763661943019,"{""action"": ""FinishInstructions"", ""indexOf"": 3, ""phase"": ""INSTRUCTIONS"", ""template"": ""instructions/instruct-ready.html"", ""viewTime"": 31048}"
debugTugt2:debugPVHe3,5,1763661943053,"{""condition"": ""adaptive"", ""phase"": ""ASSIGNMENT""}"
debugTugt2:debugPVHe3,6,1763661970088,"{""condition"": ""adaptive"", ""correct"": false, ""correct_answer"": ""e^x"", ""difficulty"": ""easy"", ""phase"": ""TEST"", ""question_id"": ""q3"", ""question_text"": ""What is the derivative of e^x?"", ""response"": ""67"", ""rt"": 27035, ""trial_index"": 0}"
debugTugt2:debugPVHe3,7,1763661970090,"{""condition"": ""adaptive"", ""feedback_type"": ""adaptive_suggest_retry"", ""phase"": ""FEEDBACK"", ""question_id"": ""q3""}"
debugTugt2:debugPVHe3,8,1763662042277,"{""condition"": ""adaptive"", ""correct"": false, ""correct_answer"": ""e^x"", ""difficulty"": ""easy"", ""phase"": ""TEST"", ""question_id"": ""q3"", ""question_text"": ""What is the derivative of e^x?"", ""response"": ""67"", ""rt"": 99224, ""trial_index"": 0}"
debugTugt2:debugPVHe3,9,1763662042279,"{""condition"": ""adaptive"", ""feedback_type"": ""adaptive_suggest_retry"", ""phase"": ""FEEDBACK"", ""question_id"": ""q3""}"
debugTugt2:debugPVHe3,10,1763662043907,"{""condition"": ""adaptive"", ""event"": ""retry_clicked"", ""phase"": ""INTERACTION"", ""question_id"": ""q3""}"
debugTugt2:debugPVHe3,11,1763662048528,"{""condition"": ""adaptive"", ""correct"": false, ""correct_answer"": ""5"", ""difficulty"": ""easy"", ""phase"": ""TEST"", ""question_id"": ""q1"", ""question_text"": ""What is the derivative of 5x? (Enter a number)"", ""response"": ""45"", ""rt"": 4617, ""trial_index"": 1}"
debugTugt2:debugPVHe3,12,1763662048530,"{""condition"": ""adaptive"", ""feedback_type"": ""adaptive_encourage_offer_review"", ""phase"": ""FEEDBACK"", ""question_id"": ""q1""}"
debugTugt2:debugPVHe3,13,1763662055519,"{""condition"": ""adaptive"", ""event"": ""clicked_continue_after_review_offer"", ""phase"": ""INTERACTION"", ""question_id"": ""q1""}"
debugTugt2:debugPVHe3,14,1763662065223,"{""condition"": ""adaptive"", ""correct"": false, ""correct_answer"": ""ln(x)"", ""difficulty"": ""difficult"", ""phase"": ""TEST"", ""question_id"": ""q5"", ""question_text"": ""What is the integral of 1/x dx? (Format: ln(x))"", ""response"": ""23"", ""rt"": 9698, ""trial_index"": 2}"
debugTugt2:debugPVHe3,15,1763662065225,"{""condition"": ""adaptive"", ""feedback_type"": ""adaptive_encourage_offer_review"", ""phase"": ""FEEDBACK"", ""question_id"": ""q5""}"
debugTugt2:debugPVHe3,16,1763662067286,"{""condition"": ""adaptive"", ""event"": ""clicked_review_link"", ""phase"": ""INTERACTION"", ""question_id"": ""q5""}"
debugTugt2:debugPVHe3,17,1763662080579,"{""condition"": ""adaptive"", ""correct"": false, ""correct_answer"": ""ln(x)"", ""difficulty"": ""difficult"", ""phase"": ""TEST"", ""question_id"": ""q5"", ""question_text"": ""What is the integral of 1/x dx? (Format: ln(x))"", ""response"": ""23"", ""rt"": 25054, ""trial_index"": 2}"
debugTugt2:debugPVHe3,18,1763662080580,"{""condition"": ""adaptive"", ""feedback_type"": ""adaptive_encourage_offer_review"", ""phase"": ""FEEDBACK"", ""question_id"": ""q5""}"
debugTugt2:debugPVHe3,19,1763662082272,"{""condition"": ""adaptive"", ""event"": ""clicked_continue_after_review_offer"", ""phase"": ""INTERACTION"", ""question_id"": ""q5""}"
debugTugt2:debugPVHe3,20,1763662094563,"{""condition"": ""adaptive"", ""correct"": false, ""correct_answer"": ""sin(x)"", ""difficulty"": ""difficult"", ""phase"": ""TEST"", ""question_id"": ""q6"", ""question_text"": ""What is the integral of cos(x) dx? (Omit +C)"", ""response"": ""7"", ""rt"": 12285, ""trial_index"": 3}"
debugTugt2:debugPVHe3,21,1763662094564,"{""condition"": ""adaptive"", ""feedback_type"": ""adaptive_encourage_offer_review"", ""phase"": ""FEEDBACK"", ""question_id"": ""q6""}"
debugTugt2:debugPVHe3,22,1763662122673,"{""condition"": ""adaptive"", ""event"": ""clicked_continue_after_review_offer"", ""phase"": ""INTERACTION"", ""question_id"": ""q6""}"
debugTugt2:debugPVHe3,23,1763662127441,"{""condition"": ""adaptive"", ""correct"": false, ""correct_answer"": ""cos(x)"", ""difficulty"": ""easy"", ""phase"": ""TEST"", ""question_id"": ""q2"", ""question_text"": ""What is the derivative of sin(x)?"", ""response"": ""ui"", ""rt"": 4759, ""trial_index"": 4}"
debugTugt2:debugPVHe3,24,1763662127442,"{""condition"": ""adaptive"", ""feedback_type"": ""adaptive_encourage_offer_review"", ""phase"": ""FEEDBACK"", ""question_id"": ""q2""}"
debugTugt2:debugPVHe3,25,1763662136288,"{""condition"": ""adaptive"", ""correct"": false, ""correct_answer"": ""cos(x)"", ""difficulty"": ""easy"", ""phase"": ""TEST"", ""question_id"": ""q2"", ""question_text"": ""What is the derivative of sin(x)?"", ""response"": ""ui"", ""rt"": 13607, ""trial_index"": 4}"
debugTugt2:debugPVHe3,26,1763662136289,"{""condition"": ""adaptive"", ""feedback_type"": ""adaptive_encourage_offer_review"", ""phase"": ""FEEDBACK"", ""question_id"": ""q2""}"
debugTugt2:debugPVHe3,27,1763662138649,"{""condition"": ""adaptive"", ""event"": ""clicked_continue_after_review_offer"", ""phase"": ""INTERACTION"", ""question_id"": ""q2""}"
debugTugt2:debugPVHe3,28,1763662142924,"{""condition"": ""adaptive"", ""correct"": false, ""correct_answer"": ""8"", ""difficulty"": ""difficult"", ""phase"": ""TEST"", ""question_id"": ""q4"", ""question_text"": ""Evaluate the definite integral from 0 to 2 of: 3x^2 dx. (Enter a number)"", ""response"": ""78"", ""rt"": 4267, ""trial_index"": 5}"
debugTugt2:debugPVHe3,29,1763662142924,"{""condition"": ""adaptive"", ""feedback_type"": ""adaptive_encourage_offer_review"", ""phase"": ""FEEDBACK"", ""question_id"": ""q4""}"
debugTugt2:debugPVHe3,30,1763662144687,"{""condition"": ""adaptive"", ""event"": ""clicked_continue_after_review_offer"", ""phase"": ""INTERACTION"", ""question_id"": ""q4""}"
debugTugt2:debugPVHe3,31,1763662144687,"{""condition"": ""adaptive"", ""phase"": ""TEST"", ""status"": ""finished""}"
debugTugt2:debugPVHe3,32,1763662144691,"{""condition"": ""adaptive"", ""phase"": ""postquestionnaire"", ""status"": ""begin""}"
debugTugt2:debugPVHe3,33,1763662241290,"{""phase"": ""postquestionnaire"", ""status"": ""submit""}"
debugTugt2:debugPVHe3,34,1763662241290,"{""condition"": ""adaptive"", ""phase"": ""postquestionnaire"", ""survey"": ""{\""engagement_q1\"":\""4\"",\""engagement_q2\"":\""4\"",\""usability_q1\"":\""Yes\"",\""usability_q2\"":\""\"",\""adaptiveness_q1\"":\""\"",\""adaptiveness_q2\"":\""\"",\""satisfaction_overall\"":\""4\""}""}"
debugTugt2:debugPVHe3,35,1763662245855,"{""phase"": ""postquestionnaire"", ""status"": ""submit""}"
debugTugt2:debugPVHe3,36,1763662245857,"{""condition"": ""adaptive"", ""phase"": ""postquestionnaire"", ""survey"": ""{\""engagement_q1\"":\""4\"",\""engagement_q2\"":\""4\"",\""usability_q1\"":\""Yes\"",\""usability_q2\"":\""\"",\""adaptiveness_q1\"":\""\"",\""adaptiveness_q2\"":\""\"",\""satisfaction_overall\"":\""4\""}""}"
debugTugt2:debugPVHe3,37,1763662247477,"{""phase"": ""postquestionnaire"", ""status"": ""submit""}"
debugTugt2:debugPVHe3,38,1763662247477,"{""condition"": ""adaptive"", ""phase"": ""postquestionnaire"", ""survey"": ""{\""engagement_q1\"":\""4\"",\""engagement_q2\"":\""4\"",\""usability_q1\"":\""Yes\"",\""usability_q2\"":\""\"",\""adaptiveness_q1\"":\""\"",\""adaptiveness_q2\"":\""\"",\""satisfaction_overall\"":\""4\""}""}"
debugTugt2:debugPVHe3,39,1763662247655,"{""phase"": ""postquestionnaire"", ""status"": ""submit""}"
debugTugt2:debugPVHe3,40,1763662247656,"{""condition"": ""adaptive"", ""phase"": ""postquestionnaire"", ""survey"": ""{\""engagement_q1\"":\""4\"",\""engagement_q2\"":\""4\"",\""usability_q1\"":\""Yes\"",\""usability_q2\"":\""\"",\""adaptiveness_q1\"":\""\"",\""adaptiveness_q2\"":\""\"",\""satisfaction_overall\"":\""4\""}""}"
debugTugt2:debugPVHe3,41,1763662247838,"{""phase"": ""postquestionnaire"", ""status"": ""submit""}"
debugTugt2:debugPVHe3,42,1763662247838,"{""condition"": ""adaptive"", ""phase"": ""postquestionnaire"", ""survey"": ""{\""engagement_q1\"":\""4\"",\""engagement_q2\"":\""4\"",\""usability_q1\"":\""Yes\"",\""usability_q2\"":\""\"",\""adaptiveness_q1\"":\""\"",\""adaptiveness_q2\"":\""\"",\""satisfaction_overall\"":\""4\""}""}"
debugTugt2:debugPVHe3,43,1763662248056,"{""phase"": ""postquestionnaire"", ""status"": ""submit""}"
debugTugt2:debugPVHe3,44,1763662248057,"{""condition"": ""adaptive"", ""phase"": ""postquestionnaire"", ""survey"": ""{\""engagement_q1\"":\""4\"",\""engagement_q2\"":\""4\"",\""usability_q1\"":\""Yes\"",\""usability_q2\"":\""\"",\""adaptiveness_q1\"":\""\"",\""adaptiveness_q2\"":\""\"",\""satisfaction_overall\"":\""4\""}""}"
debugTugt2:debugPVHe3,45,1763662249567,"{""phase"": ""postquestionnaire"", ""status"": ""submit""}"
debugTugt2:debugPVHe3,46,1763662249567,"{""condition"": ""adaptive"", ""phase"": ""postquestionnaire"", ""survey"": ""{\""engagement_q1\"":\""4\"",\""engagement_q2\"":\""4\"",\""usability_q1\"":\""Yes\"",\""usability_q2\"":\""\"",\""adaptiveness_q1\"":\""\"",\""adaptiveness_q2\"":\""\"",\""satisfaction_overall\"":\""4\""}""}"
debugTugt2:debugPVHe3,47,1763662249760,"{""phase"": ""postquestionnaire"", ""status"": ""submit""}"
debugTugt2:debugPVHe3,48,1763662249760,"{""condition"": ""adaptive"", ""phase"": ""postquestionnaire"", ""survey"": ""{\""engagement_q1\"":\""4\"",\""engagement_q2\"":\""4\"",\""usability_q1\"":\""Yes\"",\""usability_q2\"":\""\"",\""adaptiveness_q1\"":\""\"",\""adaptiveness_q2\"":\""\"",\""satisfaction_overall\"":\""4\""}""}"
debugTugt2:debugPVHe3,49,1763662249973,"{""phase"": ""postquestionnaire"", ""status"": ""submit""}"
debugTugt2:debugPVHe3,50,1763662249973,"{""condition"": ""adaptive"", ""phase"": ""postquestionnaire"", ""survey"": ""{\""engagement_q1\"":\""4\"",\""engagement_q2\"":\""4\"",\""usability_q1\"":\""Yes\"",\""usability_q2\"":\""\"",\""adaptiveness_q1\"":\""\"",\""adaptiveness_q2\"":\""\"",\""satisfaction_overall\"":\""4\""}""}"
debugTugt2:debugPVHe3,51,1763662253741,"{""phase"": ""postquestionnaire"", ""status"": ""submit""}"
debugTugt2:debugPVHe3,52,1763662253741,"{""condition"": ""adaptive"", ""phase"": ""postquestionnaire"", ""survey"": ""{\""engagement_q1\"":\""4\"",\""engagement_q2\"":\""4\"",\""usability_q1\"":\""Yes\"",\""usability_q2\"":\""\"",\""adaptiveness_q1\"":\""\"",\""adaptiveness_q2\"":\""\"",\""satisfaction_overall\"":\""4\""}""}"
debugTugt2:debugPVHe3,53,1763662253914,"{""phase"": ""postquestionnaire"", ""status"": ""submit""}"
debugTugt2:debugPVHe3,54,1763662253914,"{""condition"": ""adaptive"", ""phase"": ""postquestionnaire"", ""survey"": ""{\""engagement_q1\"":\""4\"",\""engagement_q2\"":\""4\"",\""usability_q1\"":\""Yes\"",\""usability_q2\"":\""\"",\""adaptiveness_q1\"":\""\"",\""adaptiveness_q2\"":\""\"",\""satisfaction_overall\"":\""4\""}""}"
debugTugt2:debugPVHe3,55,1763662254082,"{""phase"": ""postquestionnaire"", ""status"": ""submit""}"
debugTugt2:debugPVHe3,56,1763662254082,"{""condition"": ""adaptive"", ""phase"": ""postquestionnaire"", ""survey"": ""{\""engagement_q1\"":\""4\"",\""engagement_q2\"":\""4\"",\""usability_q1\"":\""Yes\"",\""usability_q2\"":\""\"",\""adaptiveness_q1\"":\""\"",\""adaptiveness_q2\"":\""\"",\""satisfaction_overall\"":\""4\""}""}"
debugTugt2:debugPVHe3,57,1763662254254,"{""phase"": ""postquestionnaire"", ""status"": ""submit""}"
debugTugt2:debugPVHe3,58,1763662254254,"{""condition"": ""adaptive"", ""phase"": ""postquestionnaire"", ""survey"": ""{\""engagement_q1\"":\""4\"",\""engagement_q2\"":\""4\"",\""usability_q1\"":\""Yes\"",\""usability_q2\"":\""\"",\""adaptiveness_q1\"":\""\"",\""adaptiveness_q2\"":\""\"",\""satisfaction_overall\"":\""4\""}""}"
debugTugt2:debugPVHe3,59,1763662254418,"{""phase"": ""postquestionnaire"", ""status"": ""submit""}"
debugTugt2:debugPVHe3,60,1763662254418,"{""condition"": ""adaptive"", ""phase"": ""postquestionnaire"", ""survey"": ""{\""engagement_q1\"":\""4\"",\""engagement_q2\"":\""4\"",\""usability_q1\"":\""Yes\"",\""usability_q2\"":\""\"",\""adaptiveness_q1\"":\""\"",\""adaptiveness_q2\"":\""\"",\""satisfaction_overall\"":\""4\""}""}"
debugTugt2:debugPVHe3,61,1763662254588,"{""phase"": ""postquestionnaire"", ""status"": ""submit""}"
debugTugt2:debugPVHe3,62,1763662254590,"{""condition"": ""adaptive"", ""phase"": ""postquestionnaire"", ""survey"": ""{\""engagement_q1\"":\""4\"",\""engagement_q2\"":\""4\"",\""usability_q1\"":\""Yes\"",\""usability_q2\"":\""\"",\""adaptiveness_q1\"":\""\"",\""adaptiveness_q2\"":\""\"",\""satisfaction_overall\"":\""4\""}""}"
debugTugt2:debugPVHe3,63,1763662254803,"{""phase"": ""postquestionnaire"", ""status"": ""submit""}"
debugTugt2:debugPVHe3,64,1763662254803,"{""condition"": ""adaptive"", ""phase"": ""postquestionnaire"", ""survey"": ""{\""engagement_q1\"":\""4\"",\""engagement_q2\"":\""4\"",\""usability_q1\"":\""Yes\"",\""usability_q2\"":\""\"",\""adaptiveness_q1\"":\""\"",\""adaptiveness_q2\"":\""\"",\""satisfaction_overall\"":\""4\""}""}"
debugTugt2:debugPVHe3,65,1763662257216,"{""phase"": ""postquestionnaire"", ""status"": ""submit""}"
debugTugt2:debugPVHe3,66,1763662257216,"{""condition"": ""adaptive"", ""phase"": ""postquestionnaire"", ""survey"": ""{\""engagement_q1\"":\""4\"",\""engagement_q2\"":\""4\"",\""usability_q1\"":\""Yes\"",\""usability_q2\"":\""\"",\""adaptiveness_q1\"":\""\"",\""adaptiveness_q2\"":\""\"",\""satisfaction_overall\"":\""4\""}""}"
debugTugt2:debugPVHe3,67,1763662263682,"{""phase"": ""postquestionnaire"", ""status"": ""submit""}"
debugTugt2:debugPVHe3,68,1763662263682,"{""condition"": ""adaptive"", ""phase"": ""postquestionnaire"", ""survey"": ""{\""engagement_q1\"":\""4\"",\""engagement_q2\"":\""4\"",\""usability_q1\"":\""Yes\"",\""usability_q2\"":\""\"",\""adaptiveness_q1\"":\""\"",\""adaptiveness_q2\"":\""\"",\""satisfaction_overall\"":\""4\""}""}"
debugTugt2:debugPVHe3,69,1763662264254,"{""phase"": ""postquestionnaire"", ""status"": ""submit""}"
debugTugt2:debugPVHe3,70,1763662264254,"{""condition"": ""adaptive"", ""phase"": ""postquestionnaire"", ""survey"": ""{\""engagement_q1\"":\""4\"",\""engagement_q2\"":\""4\"",\""usability_q1\"":\""Yes\"",\""usability_q2\"":\""\"",\""adaptiveness_q1\"":\""\"",\""adaptiveness_q2\"":\""\"",\""satisfaction_overall\"":\""4\""}""}"
debugTugt2:debugPVHe3,71,1763662264744,"{""phase"": ""postquestionnaire"", ""status"": ""submit""}"
debugTugt2:debugPVHe3,72,1763662264745,"{""condition"": ""adaptive"", ""phase"": ""postquestionnaire"", ""survey"": ""{\""engagement_q1\"":\""4\"",\""engagement_q2\"":\""4\"",\""usability_q1\"":\""Yes\"",\""usability_q2\"":\""\"",\""adaptiveness_q1\"":\""\"",\""adaptiveness_q2\"":\""\"",\""satisfaction_overall\"":\""4\""}""}"
debugTugt2:debugPVHe3,73,1763662269275,"{""phase"": ""postquestionnaire"", ""status"": ""submit""}"
debugTugt2:debugPVHe3,74,1763662269275,"{""condition"": ""adaptive"", ""phase"": ""postquestionnaire"", ""survey"": ""{\""engagement_q1\"":\""4\"",\""engagement_q2\"":\""4\"",\""usability_q1\"":\""Yes\"",\""usability_q2\"":\""\"",\""adaptiveness_q1\"":\""\"",\""adaptiveness_q2\"":\""\"",\""satisfaction_overall\"":\""4\""}""}"
debugTugt2:debugPVHe3,75,1763662269440,"{""phase"": ""postquestionnaire"", ""status"": ""submit""}"
debugTugt2:debugPVHe3,76,1763662269440,"{""condition"": ""adaptive"", ""phase"": ""postquestionnaire"", ""survey"": ""{\""engagement_q1\"":\""4\"",\""engagement_q2\"":\""4\"",\""usability_q1\"":\""Yes\"",\""usability_q2\"":\""\"",\""adaptiveness_q1\"":\""\"",\""adaptiveness_q2\"":\""\"",\""satisfaction_overall\"":\""4\""}""}"
debugTugt2:debugPVHe3,77,1763662269620,"{""phase"": ""postquestionnaire"", ""status"": ""submit""}"
debugTugt2:debugPVHe3,78,1763662269620,"{""condition"": ""adaptive"", ""phase"": ""postquestionnaire"", ""survey"": ""{\""engagement_q1\"":\""4\"",\""engagement_q2\"":\""4\"",\""usability_q1\"":\""Yes\"",\""usability_q2\"":\""\"",\""adaptiveness_q1\"":\""\"",\""adaptiveness_q2\"":\""\"",\""satisfaction_overall\"":\""4\""}""}"
debugTugt2:debugPVHe3,79,1763662269820,"{""phase"": ""postquestionnaire"", ""status"": ""submit""}"
debugTugt2:debugPVHe3,80,1763662269820,"{""condition"": ""adaptive"", ""phase"": ""postquestionnaire"", ""survey"": ""{\""engagement_q1\"":\""4\"",\""engagement_q2\"":\""4\"",\""usability_q1\"":\""Yes\"",\""usability_q2\"":\""\"",\""adaptiveness_q1\"":\""\"",\""adaptiveness_q2\"":\""\"",\""satisfaction_overall\"":\""4\""}""}"
debugTugt2:debugPVHe3,81,1763662282306,"{""phase"": ""postquestionnaire"", ""status"": ""submit""}"
debugTugt2:debugPVHe3,82,1763662282306,"{""condition"": ""adaptive"", ""phase"": ""postquestionnaire"", ""survey"": ""{\""engagement_q1\"":\""3\"",\""engagement_q2\"":\""2\"",\""usability_q1\"":\""Yes\"",\""usability_q2\"":\""\"",\""adaptiveness_q1\"":\""\"",\""adaptiveness_q2\"":\""\"",\""satisfaction_overall\"":\""3\""}""}"
debugTugt2:debugPVHe3,83,1763662386105,"{""phase"": ""postquestionnaire"", ""status"": ""submit""}"
debugTugt2:debugPVHe3,84,1763662386105,"{""condition"": ""adaptive"", ""phase"": ""postquestionnaire"", ""survey"": ""{\""engagement_q1\"":\""3\"",\""engagement_q2\"":\""2\"",\""usability_q1\"":\""Yes\"",\""usability_q2\"":\""\"",\""adaptiveness_q1\"":\""\"",\""adaptiveness_q2\"":\""\"",\""satisfaction_overall\"":\""3\""}""}"
debugTugt2:debugPVHe3,85,1763662405617,"{""phase"": ""postquestionnaire"", ""status"": ""submit""}"
debugTugt2:debugPVHe3,86,1763662405617,"{""condition"": ""adaptive"", ""phase"": ""postquestionnaire"", ""survey"": ""{\""engagement_q1\"":\""3\"",\""engagement_q2\"":\""2\"",\""usability_q1\"":\""Yes\"",\""usability_q2\"":\""\"",\""adaptiveness_q1\"":\""\"",\""adaptiveness_q2\"":\""\"",\""satisfaction_overall\"":\""3\""}""}"
debugTugt2:debugPVHe3,87,1763662405800,"{""phase"": ""postquestionnaire"", ""status"": ""submit""}"
debugTugt2:debugPVHe3,88,1763662405801,"{""condition"": ""adaptive"", ""phase"": ""postquestionnaire"", ""survey"": ""{\""engagement_q1\"":\""3\"",\""engagement_q2\"":\""2\"",\""usability_q1\"":\""Yes\"",\""usability_q2\"":\""\"",\""adaptiveness_q1\"":\""\"",\""adaptiveness_q2\"":\""\"",\""satisfaction_overall\"":\""3\""}""}"
debugTugt2:debugPVHe3,89,1763662405997,"{""phase"": ""postquestionnaire"", ""status"": ""submit""}"
debugTugt2:debugPVHe3,90,1763662405997,"{""condition"": ""adaptive"", ""phase"": ""postquestionnaire"", ""survey"": ""{\""engagement_q1\"":\""3\"",\""engagement_q2\"":\""2\"",\""usability_q1\"":\""Yes\"",\""usability_q2\"":\""\"",\""adaptiveness_q1\"":\""\"",\""adaptiveness_q2\"":\""\"",\""satisfaction_overall\"":\""3\""}""}"
debugTugt2:debugPVHe3,91,1763662406223,"{""phase"": ""postquestionnaire"", ""status"": ""submit""}"
debugTugt2:debugPVHe3,92,1763662406223,"{""condition"": ""adaptive"", ""phase"": ""postquestionnaire"", ""survey"": ""{\""engagement_q1\"":\""3\"",\""engagement_q2\"":\""2\"",\""usability_q1\"":\""Yes\"",\""usability_q2\"":\""\"",\""adaptiveness_q1\"":\""\"",\""adaptiveness_q2\"":\""\"",\""satisfaction_overall\"":\""3\""}""}"
debugTugt2:debugPVHe3,93,1763662423832,"{""phase"": ""postquestionnaire"", ""status"": ""submit""}"
debugTugt2:debugPVHe3,94,1763662423837,"{""condition"": ""adaptive"", ""phase"": ""postquestionnaire"", ""survey"": ""{\""engagement_q1\"":\""3\"",\""engagement_q2\"":\""2\"",\""usability_q1\"":\""Yes\"",\""usability_q2\"":\""\"",\""adaptiveness_q1\"":\""\"",\""adaptiveness_q2\"":\""\"",\""satisfaction_overall\"":\""3\""}""}"
debugTugt2:debugPVHe3,95,1763662424043,"{""phase"": ""postquestionnaire"", ""status"": ""submit""}"
debugTugt2:debugPVHe3,96,1763662424043,"{""condition"": ""adaptive"", ""phase"": ""postquestionnaire"", ""survey"": ""{\""engagement_q1\"":\""3\"",\""engagement_q2\"":\""2\"",\""usability_q1\"":\""Yes\"",\""usability_q2\"":\""\"",\""adaptiveness_q1\"":\""\"",\""adaptiveness_q2\"":\""\"",\""satisfaction_overall\"":\""3\""}""}"
debugTugt2:debugPVHe3,97,1763662458888,"{""phase"": ""INSTRUCTIONS"", ""templates"": [""instructions/instruct-1.html"", ""instructions/instruct-2.html"", ""instructions/instruct-3.html"", ""instructions/instruct-ready.html""], ""action"": ""Begin""}"
debugTugt2:debugPVHe3,98,1763662461005,"{""phase"": ""INSTRUCTIONS"", ""template"": ""instructions/instruct-1.html"", ""indexOf"": 0, ""action"": ""NextPage"", ""viewTime"": 2111}"
debugTugt2:debugPVHe3,99,1763662463459,"{""phase"": ""INSTRUCTIONS"", ""template"": ""instructions/instruct-2.html"", ""indexOf"": 1, ""action"": ""NextPage"", ""viewTime"": 2451}"
debugTugt2:debugPVHe3,100,1763662466279,"{""phase"": ""INSTRUCTIONS"", ""template"": ""instructions/instruct-3.html"", ""indexOf"": 2, ""action"": ""NextPage"", ""viewTime"": 2816}"
debugTugt2:debugPVHe3,101,1763662468728,"{""phase"": ""INSTRUCTIONS"", ""template"": ""instructions/instruct-ready.html"", ""indexOf"": 3, ""action"": ""FinishInstructions"", ""viewTime"": 2444}"
debugTugt2:debugPVHe3,102,1763662468762,"{""phase"": ""ASSIGNMENT"", ""condition"": ""adaptive""}"
debugTugt2:debugPVHe3,103,1763662474755,"{""phase"": ""TEST"", ""trial_index"": 0, ""question_id"": ""q5"", ""question_text"": ""What is the integral of 1/x dx? (Format: ln(x))"", ""correct_answer"": ""ln(x)"", ""response"": ""78"", ""correct"": false, ""difficulty"": ""difficult"", ""rt"": 5993, ""condition"": ""adaptive""}"
debugTugt2:debugPVHe3,104,1763662474759,"{""phase"": ""FEEDBACK"", ""feedback_type"": ""adaptive_suggest_retry"", ""question_id"": ""q5"", ""condition"": ""adaptive""}"
debugTugt2:debugPVHe3,105,1763662477354,"{""phase"": ""INTERACTION"", ""event"": ""retry_clicked"", ""question_id"": ""q5"", ""condition"": ""adaptive""}"
debugTugt2:debugPVHe3,106,1763662483247,"{""phase"": ""TEST"", ""trial_index"": 1, ""question_id"": ""q1"", ""question_text"": ""What is the derivative of 5x? (Enter a number)"", ""correct_answer"": ""5"", ""response"": ""67"", ""correct"": false, ""difficulty"": ""easy"", ""rt"": 5884, ""condition"": ""adaptive""}"
debugTugt2:debugPVHe3,107,1763662483249,"{""phase"": ""FEEDBACK"", ""feedback_type"": ""adaptive_suggest_retry"", ""question_id"": ""q1"", ""condition"": ""adaptive""}"
debugTugt2:debugPVHe3,108,1763662484782,"{""phase"": ""INTERACTION"", ""event"": ""retry_clicked"", ""question_id"": ""q1"", ""condition"": ""adaptive""}"
debugTugt2:debugPVHe3,109,1763662487713,"{""phase"": ""TEST"", ""trial_index"": 2, ""question_id"": ""q3"", ""question_text"": ""What is the derivative of e^x?"", ""correct_answer"": ""e^x"", ""response"": ""45"", ""correct"": false, ""difficulty"": ""easy"", ""rt"": 2921, ""condition"": ""adaptive""}"
debugTugt2:debugPVHe3,110,1763662487715,"{""phase"": ""FEEDBACK"", ""feedback_type"": ""adaptive_encourage_offer_review"", ""question_id"": ""q3"", ""condition"": ""adaptive""}"
debugTugt2:debugPVHe3,111,1763662489238,"{""phase"": ""INTERACTION"", ""event"": ""clicked_continue_after_review_offer"", ""question_id"": ""q3"", ""condition"": ""adaptive""}"
debugTugt2:debugPVHe3,112,1763662492253,"{""phase"": ""TEST"", ""trial_index"": 3, ""question_id"": ""q4"", ""question_text"": ""Evaluate the definite integral from 0 to 2 of: 3x^2 dx. (Enter a number)"", ""correct_answer"": ""8"", ""response"": ""78"", ""correct"": false, ""difficulty"": ""difficult"", ""rt"": 3006, ""condition"": ""adaptive""}"
debugTugt2:debugPVHe3,113,1763662492257,"{""phase"": ""FEEDBACK"", ""feedback_type"": ""adaptive_encourage_offer_review"", ""question_id"": ""q4"", ""condition"": ""adaptive""}"
debugTugt2:debugPVHe3,114,1763662493995,"{""phase"": ""INTERACTION"", ""event"": ""clicked_continue_after_review_offer"", ""question_id"": ""q4"", ""condition"": ""adaptive""}"
debugTugt2:debugPVHe3,115,1763662497366,"{""phase"": ""TEST"", ""trial_index"": 4, ""question_id"": ""q6"", ""question_text"": ""What is the integral of cos(x) dx? (Omit +C)"", ""correct_answer"": ""sin(x)"", ""response"": ""67"", ""correct"": false, ""difficulty"": ""difficult"", ""rt"": 3366, ""condition"": ""adaptive""}"
debugTugt2:debugPVHe3,116,1763662497368,"{""phase"": ""FEEDBACK"", ""feedback_type"": ""adaptive_encourage_offer_review"", ""question_id"": ""q6"", ""condition"": ""adaptive""}"
debugTugt2:debugPVHe3,117,1763662498993,"{""phase"": ""INTERACTION"", ""event"": ""clicked_continue_after_review_offer"", ""question_id"": ""q6"", ""condition"": ""adaptive""}"
debugTugt2:debugPVHe3,118,1763662502200,"{""phase"": ""TEST"", ""trial_index"": 5, ""question_id"": ""q2"", ""question_text"": ""What is the derivative of sin(x)?"", ""correct_answer"": ""cos(x)"", ""response"": ""89"", ""correct"": false, ""difficulty"": ""easy"", ""rt"": 3196, ""condition"": ""adaptive""}"
debugTugt2:debugPVHe3,119,1763662502201,"{""phase"": ""FEEDBACK"", ""feedback_type"": ""adaptive_encourage_offer_review"", ""question_id"": ""q2"", ""condition"": ""adaptive""}"
debugTugt2:debugPVHe3,120,1763662503940,"{""phase"": ""TEST"", ""trial_index"": 5, ""question_id"": ""q2"", ""question_text"": ""What is the derivative of sin(x)?"", ""correct_answer"": ""cos(x)"", ""response"": ""89"", ""correct"": false, ""difficulty"": ""easy"", ""rt"": 4938, ""condition"": ""adaptive""}"
debugTugt2:debugPVHe3,121,1763662503943,"{""phase"": ""FEEDBACK"", ""feedback_type"": ""adaptive_encourage_offer_review"", ""question_id"": ""q2"", ""condition"": ""adaptive""}"
debugTugt2:debugPVHe3,122,1763662504960,"{""phase"": ""TEST"", ""trial_index"": 5, ""question_id"": ""q2"", ""question_text"": ""What is the derivative of sin(x)?"", ""correct_answer"": ""cos(x)"", ""response"": ""89"", ""correct"": false, ""difficulty"": ""easy"", ""rt"": 5958, ""condition"": ""adaptive""}"
debugTugt2:debugPVHe3,123,1763662504961,"{""phase"": ""FEEDBACK"", ""feedback_type"": ""adaptive_encourage_offer_review"", ""question_id"": ""q2"", ""condition"": ""adaptive""}"
debugTugt2:debugPVHe3,124,1763662506075,"{""phase"": ""INTERACTION"", ""event"": ""clicked_continue_after_review_offer"", ""question_id"": ""q2"", ""condition"": ""adaptive""}"
debugTugt2:debugPVHe3,125,1763662506075,"{""phase"": ""TEST"", ""status"": ""finished"", ""condition"": ""adaptive""}"
debugTugt2:debugPVHe3,126,1763662506080,"{""phase"": ""postquestionnaire"", ""status"": ""begin"", ""condition"": ""adaptive""}"
debugTugt2:debugPVHe3,127,1763662523390,"{""phase"": ""postquestionnaire"", ""status"": ""submit""}"
debugTugt2:debugPVHe3,128,1763662523391,"{""phase"": ""postquestionnaire"", ""survey"": ""{\""engagement_q1\"":\""3\"",\""engagement_q2\"":\""3\"",\""usability_q1\"":\""No\"",\""usability_q2\"":\""\"",\""adaptiveness_q1\"":\""\"",\""adaptiveness_q2\"":\""\"",\""satisfaction_overall\"":\""4\""}"", ""condition"": ""adaptive""}"
debugTugt2:debugPVHe3,129,1763662526259,"{""phase"": ""postquestionnaire"", ""status"": ""submit""}"
debugTugt2:debugPVHe3,130,1763662526259,"{""phase"": ""postquestionnaire"", ""survey"": ""{\""engagement_q1\"":\""3\"",\""engagement_q2\"":\""3\"",\""usability_q1\"":\""No\"",\""usability_q2\"":\""\"",\""adaptiveness_q1\"":\""\"",\""adaptiveness_q2\"":\""\"",\""satisfaction_overall\"":\""4\""}"", ""condition"": ""adaptive""}"
debugTugt2:debugPVHe3,131,1763662526485,"{""phase"": ""postquestionnaire"", ""status"": ""submit""}"
debugTugt2:debugPVHe3,132,1763662526485,"{""phase"": ""postquestionnaire"", ""survey"": ""{\""engagement_q1\"":\""3\"",\""engagement_q2\"":\""3\"",\""usability_q1\"":\""No\"",\""usability_q2\"":\""\"",\""adaptiveness_q1\"":\""\"",\""adaptiveness_q2\"":\""\"",\""satisfaction_overall\"":\""4\""}"", ""condition"": ""adaptive""}"
debugTugt2:debugPVHe3,133,1763662526700,"{""phase"": ""postquestionnaire"", ""status"": ""submit""}"
debugTugt2:debugPVHe3,134,1763662526700,"{""phase"": ""postquestionnaire"", ""survey"": ""{\""engagement_q1\"":\""3\"",\""engagement_q2\"":\""3\"",\""usability_q1\"":\""No\"",\""usability_q2\"":\""\"",\""adaptiveness_q1\"":\""\"",\""adaptiveness_q2\"":\""\"",\""satisfaction_overall\"":\""4\""}"", ""condition"": ""adaptive""}"
